
USE readxyz0_phonics;

SET FOREIGN_KEY_CHECKS = 0;

DELETE FROM abc_gametypes; -- before group tabtypes 
DELETE FROM abc_tabtypes;
DELETE FROM abc_warmups; -- before lessons 
DELETE FROM abc_zoo_animals; -- before lessons
DELETE FROM abc_keychain; -- before group
DELETE FROM abc_lessons; -- before group

DELETE FROM abc_groups;


-- GROUPS FIRST
INSERT INTO `abc_groups` (`groupCode`, `groupName`, `groupDisplayAs`, `active`, `ordinal`) VALUES
	('G01', 'Letters', 'Alphabet Letters', 'Y', 1),
	('G02', '/a/', 'Short /a/ sounds', 'Y', 2),
	('G03', '/i/', 'Short /i/ sounds', 'Y', 3),
	('G04', '/o/', 'Short /o/ sounds', 'Y', 4),
	('G05', '/u/', 'Short /u/ sounds', 'Y', 5),
	('G06', '/e/', 'Short /e/ sounds', 'Y', 6),
	('G07', 'CVC Wrap-up', 'CVC Wrap-up', 'Y', 7),
	('G08', 'Simple Magic e', 'Magic /e/', 'Y', 8),
	('G09', 'Consonant Clusters', 'Consonant Clusters', 'Y', 9),
	('G10', 'Harder Magic e', 'Magic /e/ Revisited', 'Y', 10),
	('G11', 'Blend Wrap-up', 'Blend Wrap-up', 'Y', 11),
	('G12', 'Phonics', 'Phonics', 'Y', 12),
	('G99', 'Test', 'Test', 'N', 99);
	

-- LESSONS SECONDD
INSERT INTO `abc_lessons` (`lessonCode`, `lessonName`, `lessonDisplayAs`, `groupCode`, `lessonContent`, `wordList`, `supplementalWordList`, `stretchList`, `flipBook`, `active`, `alternateNames`, `fluencySentences`, `games`, `spinner`, `contrastImages`, `ordinal`) VALUES
	('G01L01', 'vowels', 'Vowels', 'G01', NULL, 'a,e,i,o,u', 'A,E,I,O,U', 'A/a,E/e,I/i,O/o,U/u', '1.1 Short Vowel Sounds', 'Y', '["Vowels", ""]', '["a  e  i  o  u  e  o ", "o  i  u  e  a  o  a ", "i  e  o  a  u  i  e "]', '[{"url": "https://wordwall.net/embed/c1ef0e503f1f42919c64a6ab2eb18048?themeId=49&templateId=45", "resource": "https://wordwall.net/resource/4601106", "gameTypeId": "whack-a-mole"}, {"url": "https://wordwall.net/embed/b40b7c49233440a6b8173515b3ca0fa0?themeId=1&templateId=2", "resource": "https://wordwall.net/resource/4601097", "gameTypeId": "sort"}, {"url": "https://wordwall.net/embed/e5fdab17040f445eb6fbac6acde03ff3?themeId=1&templateId=7", "resource": "https://wordwall.net/resource/4601109", "gameTypeId": "mastery"}, {"url": "https://wordwall.net/embed/8082d42a20a441ee8078725fa2143997?themeId=1&templateId=3", "resource": "https://wordwall.net/resource/4601095", "gameTypeId": "match"}]', '{"vowel": "a,e,i,o,u", "prefixList": "", "suffixList": ""}', NULL, 1),
	('G01L02', 'upper', 'Consonants 1', 'G01', NULL, 's,t,p,n,c,k,h,r,m,d,g', 'S,T,P,N,C,K,H,R,M,D,G', 'S/s,T/t,P/p,N/n,C/c,K/k,H/h,R/r,M/m,D/d,G/g', '1.2 Consonant Sounds', 'Y', '["Consonants 1", ""]', '["s t p n c k h r", "p c n g h r d m", "g p m d r h t c "]', '[{"url": "https://wordwall.net/embed/acec36fa24d0427787793aeff1725d0b?themeId=49&templateId=45", "resource": "https://wordwall.net/resource/4604546", "gameTypeId": "whack-a-mole"}, {"url": "https://wordwall.net/embed/b317cde1d77d468286bc3c346f68a1bd?themeId=1&templateId=2", "resource": "https://wordwall.net/resource/4604545", "gameTypeId": "sort"}, {"url": "https://wordwall.net/embed/466567e1644948c7a9c86681cf0b8075?themeId=1&templateId=7", "resource": "https://wordwall.net/resource/4604547", "gameTypeId": "mastery"}, {"url": "https://wordwall.net/embed/705b93284cf24ed794fb6edc24cb176c?themeId=1&templateId=3", "resource": "https://wordwall.net/resource/4604544", "gameTypeId": "match"}]', '{"vowel": "", "prefixList": "s,t,p,n,c,k,h,r,m,d,g", "suffixList": ""}', NULL, 2),
	('G01L03', 'lower', 'Consonants 2', 'G01', NULL, 'l,f,b,q,j,z,w,v,y,x,ch,sh,th', 'L,F,B,Q,J,Z,W,V,Y,X,Ch,Sh,Th', 'L/l,F/f,B/b,Q/q,J/j,Z/z,W/w,V/v,Y/y,X/x,Ch/ch,Sh/sh,Th/th', '1.3 Consonant Sounds 2', 'Y', '["Consonants 2", ""]', '["sh f b q w v y  ", "th z q b l j v  ", "ch b f y x v f "]', '[{"url": "https://wordwall.net/embed/7f029d7b88b24b0fbda6c1fda0ee12a5?themeId=49&templateId=45", "resource": "https://wordwall.net/resource/4604835", "gameTypeId": "whack-a-mole"}, {"url": "https://wordwall.net/embed/2d6bea99b98a4544875e71f415be68f5?themeId=1&templateId=2", "resource": "https://wordwall.net/resource/4604837", "gameTypeId": "sort"}, {"url": "https://wordwall.net/embed/bb4410c4d1f64f09b6a9c6ed617b23e7?themeId=1&templateId=7", "resource": "https://wordwall.net/resource/4604838", "gameTypeId": "mastery"}, {"url": "https://wordwall.net/embed/57bca9cc8634410593a82f32e7b7e4c9?themeId=1&templateId=3", "resource": "https://wordwall.net/resource/4604831", "gameTypeId": "match"}]', '{"vowel": "", "prefixList": "l,f,b,q,j,z,w,v,y,x,ch,sh,th", "suffixList": ""}', NULL, 3),
	('G01L04', 'mixed', 'Review', 'G01', NULL, 'a,b,c,d,e,f,g,h,i,j,k,l,m,n,o,p,q,r,s,t,u,v,w,x,y,z,sh,ch,th', 'A,B,C,D,E,F,G,H,I,J,K,L,M,N,O,P,Q,R,S,T,U,V,W,X,Y,Z', 's/l/t,a/f/e,p/ch/i,q/sh/b,n/r/th,c/z/k,h/w/o,v/m/y,x/d/g', '', 'Y', '["Review", ""]', '["af ab ag ap ad", " ep en ex et eg", "ib ig in it ix", "ob og on ot om", "ut un up us ub "]', '[{"url": "https://wordwall.net/embed/1ac6473495a1401ba0f2bc990000f3fc?themeId=49&templateId=45", "resource": "https://wordwall.net/resource/4679126", "gameTypeId": "whack-a-mole"}, {"url": "https://wordwall.net/embed/ab2973f4a8604adaab9c168c94664db0?themeId=1&templateId=7", "resource": "https://wordwall.net/resource/4679127", "gameTypeId": "Mastery"}]', '{"vowel": "a,e,i,o,u", "prefixList": "b,c,d,f,g,h,j,k,l,m,n,p,q,r,s,t,v,w,x,y,z,ch,sh,th", "suffixList": ""}', NULL, 4),
	('G02L01', 'at', 'at', 'G02', NULL, 'fat,cat,hat,sat,mat,pat,bat,rat,vat,tat', '', 'b-a-t/b-at/bat,c-a-t/c-at/cat,f-a-t/f-at/fat,h-a-t/h-at/hat,l-a-t/l-at/lat,m-a-t/m-at/mat,p-a-t/p-at/pat,r-a-t/r-at/rat,s-a-t/s-at/sat,t-a-t/t-at/tat,v-a-t/v-at/vat', '2.1 Pat and Nat', 'Y', '["at", "Fat Cat Sat"]', '["The rat sat on the cat.", "The cat sat on the mat.", "The cat is fat."]', '[{"url": "https://wordwall.net/embed/a47cb1a0652c4d55be1bd75c08852406?themeId=49&templateId=45", "gameTypeId": "whack-a-mole"}, {"url": "https://wordwall.net/embed/711c28da0b9a47adbd46d4a127a437b9?themeId=1&templateId=2", "gameTypeId": "sort"}, {"url": "https://wordwall.net/embed/83a3b3caa5284e21a7b239cff52c39e3?themeId=27&templateId=70", "gameTypeId": "random"}, {"url": "https://wordwall.net/embed/66270446171e47208f96d6ff262af6b8?themeId=27&templateId=7", "gameTypeId": "mastery"}, {"url": "https://wordwall.net/embed/88f3e128440e43deb8cfa5a31baa18de?themeId=27&templateId=36", "gameTypeId": "sentences"}, {"url": "https://wordwall.net/embed/5fe366a9d4464476b1adbf719b79a4c0?themeId=23&templateId=47", "gameTypeId": "alien"}, {"url": "https://wordwall.net/embed/649b49912a164793a6125d98e7bfa2e6?themeId=1&templateId=47", "gameTypeId": "word-builder"}, {"url": "https://wordwall.net/embed/c8f6767c30f048efa8d13e17d99554b0?themeId=1&templateId=38", "gameTypeId": "scramble"}]', '{"vowel": "a", "prefixList": "b,c,d,f,g,h,j,k,l,m,n,p,r,s,t,v,z", "suffixList": "t"}', NULL, 1),
	('G02L02', 'ap', 'ap', 'G02', NULL, 'cap,gap,lap,map,rap,sap,tap,yap,wap,zap', '', 'cat/cap,lat/lap,mat/map,pat/pap,rat/rap,sat/sap,tat/tap', '2.2 Kat and Pap', 'Y', '["ap", "Cap Gap Tap"]', '["Pat can tap the map.", "Pat has a cap.", "The rat sat on his lap."]', '[{"url": "https://wordwall.net/embed/1829a71b98e2466e999f126d894836f1?themeId=49&templateId=45", "gameTypeId": "whack-a-mole"}, {"url": "https://wordwall.net/embed/20b8bacc629e46fa89018596ec1b87aa?themeId=1&templateId=2", "gameTypeId": "sort"}, {"url": "https://wordwall.net/embed/db3914a6b41240248502660b4628ae1e?themeId=2&templateId=70", "gameTypeId": "random"}, {"url": "https://wordwall.net/embed/53a6e1e034834f0a8cca13fcbb3d1336?themeId=1&templateId=7", "gameTypeId": "mastery"}, {"url": "https://wordwall.net/embed/53a6e1e034834f0a8cca13fcbb3d1336?themeId=1&templateId=7", "gameTypeId": "sentences"}, {"url": "https://wordwall.net/embed/af14d936cdfc44efa2a63434cb89ed79?themeId=1&templateId=1", "gameTypeId": "say"}, {"url": "https://wordwall.net/embed/83a08dd99cc94352a2f404abdd4bb7a2?themeId=23&templateId=47", "gameTypeId": "alien"}, {"url": "https://wordwall.net/embed/352223559a164da290a98fdaa821d556?themeId=1&templateId=47", "gameTypeId": "word-builder"}, {"url": "https://wordwall.net/embed/8802473f7df7492f8c8f25d1013073d3?themeId=1&templateId=38", "gameTypeId": "scramble"}]', '{"vowel": "a", "prefixList": "b,c,d,f,g,h,j,k,l,m,n,p,r,s,t,v,w,y,z", "suffixList": "p"}', NULL, 2),
	('G02L03', 'at+ap', 'at + ap', 'G02', NULL, 'fat,cat,hat,sat,mat,pat,bat,rat,vat,tat,cap,gap,lap,map,rap,sap,tap,yap,wap,zap', '', 'cat/cap,lat/lap,mat/map,pat/pap,rat/rap,sat/sap,tat/tap', '2.2 Kat and Pap', 'Y', '["at + ap", "Cat + Cap"]', '["The bat sat on the cap.", "Pat has a hat.", "The rat is on the map."]', '[{"url": "https://wordwall.net/embed/3d26e7773bc949ad9678bcf85190f7fa?themeId=49&templateId=45", "gameTypeId": "whack-a-mole"}, {"url": "https://wordwall.net/embed/b143c86776cd4b5bb13510eb50d5678d?themeId=1&templateId=2", "gameTypeId": "sort"}, {"url": "https://wordwall.net/embed/bcdcae8a0f004cec986c09f7e6312b2b?themeId=27&templateId=70", "gameTypeId": "random"}, {"url": "https://wordwall.net/embed/239fdc62642f4d2faaa09d86e61f81d8?themeId=27&templateId=7", "gameTypeId": "mastery"}, {"url": "https://wordwall.net/embed/af14d936cdfc44efa2a63434cb89ed79?themeId=1&templateId=1", "gameTypeId": "say"}, {"url": " ", "gameTypeId": "sentences"}, {"url": "https://wordwall.net/embed/3135203d03e64534938c9c88603650b3?themeId=1&templateId=47", "gameTypeId": "alien"}, {"url": "https://wordwall.net/embed/8916f7069d804abaaa1093a9854f5146?themeId=1&templateId=47", "gameTypeId": "word-builder"}, {"url": "https://wordwall.net/embed/8d8b04642a61456289dfe025e3631b1f?themeId=1&templateId=38", "gameTypeId": "scramble"}]', '{"vowel": "a", "prefixList": "b,c,d,f,g,h,j,k,l,m,n,p,r,s,t,v,w,y,z", "suffixList": "t,p"}', NULL, 3),
	('G02L04', 'ag', 'ag', 'G02', NULL, 'bag,gag,hag,jag,lag,nag,rag,sag,tag,wag,zag', '', 'gap/gag,lap/lag,nap/nag,rap/rag,sap/sag,tap/tag,zap/zag', '2.3 Nag and Tag', 'Y', '["ag", "Bag Nag Tag"]', '["The bat did zag.", "The rat can nag the cat.", "The map is in the bag."]', '[{"url": "https://wordwall.net/embed/66a5b7dad3854b9fa9837fb2fae6b2b0?themeId=49&templateId=45", "gameTypeId": "whack-a-mole"}, {"url": "https://wordwall.net/embed/98ba79e392d64adf8d305602e180db7a?themeId=23&templateId=2", "gameTypeId": "sort"}, {"url": "https://wordwall.net/embed/c08e907a3e4145f2b568cbb481e5fcc0?themeId=27&templateId=70", "gameTypeId": "random"}, {"url": "https://wordwall.net/embed/5cef059f66aa446cb305810c8e6f1d34?themeId=2&templateId=7", "gameTypeId": "mastery"}, {"url": "https://wordwall.net/embed/058d758b26fa4cf0a60c7f65b6b38964?themeId=1&templateId=1", "gameTypeId": "say"}, {"url": "https://wordwall.net/embed/b4dcfd721271484b980e17c96d8b70e6?themeId=1&templateId=36", "gameTypeId": "sentences"}, {"url": "https://wordwall.net/embed/83935645366a4970b942080c8b9399d5?themeId=23&templateId=47", "gameTypeId": "alien"}, {"url": "https://wordwall.net/embed/87f4dc83110a48579cc54d483a679975?themeId=1&templateId=47", "gameTypeId": "word-builder"}, {"url": "https://wordwall.net/embed/5f40213ed7e44bd78ae4712edd4ed1c9?themeId=1&templateId=38", "gameTypeId": "scramble"}]', '{"vowel": "a", "prefixList": "b,c,d,f,g,h,j,k,l,m,n,p,r,s,t,v,w,y,z", "suffixList": "g"}', NULL, 4),
	('G02L05', 'at+ag', 'at + ag', 'G02', NULL, 'fat,cat,hat,sat,mat,pat,bat,rat,vat,bag,gag,hag,jag,lag,nag,rag,sag,tag,wag,zag', '', 'bat/bag,hat/hag,lat/lag,mat/mag,rat/rag,sat/sag,tat/tag', '', 'Y', '["at + ag", "Bat + Bag"]', '["The rat is in the gap.", "The hag is a nag.", "The sap is in a vat."]', '[{"url": "https://wordwall.net/embed/5f6ab12fb60345fe8201e5bb3297435b?themeId=49&templateId=45", "gameTypeId": "whack-a-mole"}, {"url": "https://wordwall.net/embed/065920b4795c4ce5af1d2aca547474ac?themeId=1&templateId=2", "gameTypeId": "sort"}, {"url": "https://wordwall.net/embed/f1ddcd3d9c744977aef71073a837a04f?themeId=2&templateId=70", "gameTypeId": "random"}, {"url": "https://wordwall.net/embed/5cef059f66aa446cb305810c8e6f1d34?themeId=2&templateId=7", "gameTypeId": "mastery"}, {"url": "https://wordwall.net/embed/47667cec7b4c4f87b54c3816562e01e7?themeId=1&templateId=36", "gameTypeId": "sentences"}, {"url": "https://wordwall.net/embed/977a8f7406a14ced99f8dbca4f053373?themeId=1&templateId=47", "gameTypeId": "alien"}, {"url": "https://wordwall.net/embed/596a601c4bbe42dba210256d92fbde02?themeId=1&templateId=47", "gameTypeId": "word-builder"}, {"url": "https://wordwall.net/embed/d3a553fddc7b4c1881247afee2e46d0d?themeId=1&templateId=38", "gameTypeId": "scramble"}]', '{"vowel": "a", "prefixList": "b,c,d,f,g,h,j,k,l,m,n,p,r,s,t,v,w,y,z", "suffixList": "t,g"}', NULL, 5),
	('G02L06', 'an', 'an', 'G02', NULL, 'ban,can,Dan,fan,Jan,man,pan,ran,tan,van', '', 'bat/ban,cat/can,fat/fan,lat/lan,mat/man,pat/pan,rat/ran,vat/van', '2.4 Dan and Jan', 'Y', '["an", "Fan Can Tan"]', '["Dan has a fan.", "Dan can get a tan.", "Dan and Jan ran to the van."]', '[{"url": "https://wordwall.net/embed/31118a4c23af45499339800583f70f78?themeId=49&templateId=45", "gameTypeId": "whack-a-mole"}, {"url": "https://wordwall.net/embed/41cce5f2c21c48c78f57ad72e24c7507?themeId=1&templateId=2", "gameTypeId": "sort"}, {"url": "https://wordwall.net/embed/1f4c5ae3b32e4145b735cccde0d238e9?themeId=27&templateId=70", "gameTypeId": "random"}, {"url": "https://wordwall.net/embed/18d49670e0394831ae1578d9c2b6f300?themeId=27&templateId=7", "gameTypeId": "mastery"}, {"url": "https://wordwall.net/embed/48f9fd0f5a30469381246579ac44373b?themeId=1&templateId=36", "gameTypeId": "sentences"}, {"url": "https://wordwall.net/embed/5b6a0663ab7548c1a9c0cf8428c27fa4?themeId=1&templateId=47", "gameTypeId": "alien"}, {"url": "https://wordwall.net/embed/a614e2ca8e2c475391c5b0b1722d7f1a?themeId=1&templateId=47", "gameTypeId": "word-builder"}, {"url": "https://wordwall.net/embed/5db0165369074bd4a703e34b8def67f2?themeId=1&templateId=38", "gameTypeId": "scramble"}]', '{"vowel": "a", "prefixList": "b,c,d,f,g,h,j,k,l,m,n,p,r,s,t,v,w,y,z", "suffixList": "n"}', NULL, 6),
	('G02L07', 'at+ap+ag+an', 'at + ap + ag + an', 'G02', NULL, 'fat,cat,hat,sat,mat,pat,bat,rat,vat,tat,cap,gap,lap,map,rap,sap,tap,yap,wap,zap,bag,gag,hag,jag,lag,nag,rag,sag,tag,wag,zag,ban,can,Dan,fan,Jan,man,pan,ran,tan,van', '', 'bat/bag/ban,cat/cap/can,lag/lap/lan,mat/map/man,pap/pat/pan,rat/rag/ran,sat/sag/sap,tag/tap/tan', '2.5 The Tan Van', 'Y', '["at + ap + ag + an", "Cat + Cap + Bag + Fan"]', '["Jan is a cat and Dan is a rat. ", "The man can tap Jan and Dan. ", "Dan ran to the man. "]', '[{"url": "https://wordwall.net/embed/1b10c913601f43e79848ac3b3793abfa?themeId=46&templateId=2", "gameTypeId": "sort"}, {"url": "https://wordwall.net/embed/33f731ae12cd492c86cc73017813333f?themeId=23&templateId=70", "gameTypeId": "random"}, {"url": "https://wordwall.net/embed/50fa4ac3268b46f498579b3e9d691700?themeId=1&templateId=7", "gameTypeId": "mastery"}, {"url": "https://wordwall.net/embed/f2864bb74c2e402399875c5ec43c7355?themeId=1&templateId=36", "gameTypeId": "sentences"}, {"url": "https://wordwall.net/embed/e7bc6100b5524740b9a68394b2fa62a0?themeId=1&templateId=47", "gameTypeId": "alien"}, {"url": "https://wordwall.net/embed/f6d2822315a14a91986781c2a527006f?themeId=1&templateId=47", "gameTypeId": "word-builder"}, {"url": "https://wordwall.net/embed/2bfad575951145a7a61a4b60f6f787cd?themeId=1&templateId=38", "gameTypeId": "scramble"}]', '{"vowel": "a", "prefixList": "b,c,d,f,g,h,j,k,l,m,n,p,r,s,t,v,w,y,z", "suffixList": "t,p,g,n"}', NULL, 7),
	('G02L08', 'bdp_a', 'b-d-p for <sound>a</sound>', 'G02', NULL, 'bad,dad,dab,pad,pap', '', 'b/b/d/b/d/d,d/d/b/d/b/d,d/b/b/d/d,p/d/b/p/b,b/b/d/p/p,d/d/b/d/b,b/d/p/p/b/,b/d/b/b/p,p/d/b/d/d,b/b/b/d/p,p/d/b/b/d', '2.6 Mat Can Dab', 'Y', '["b-d-p for /a/", "b-d-p for /a/ words"]', '["The bad cat is on the pad.", "Dad is mad at the cat.", "The cat is sad on the pad."]', '[{"url": "https://wordwall.net/embed/8cfea6f5812340b6916abbcb1e8e48e5?themeId=49&templateId=45", "gameTypeId": "whack-a-mole"}, {"url": "https://wordwall.net/embed/4f34d2c41e5c42ec9bb07c0d9e7998a9?themeId=27&templateId=70", "gameTypeId": "random"}, {"url": "https://wordwall.net/embed/386c50cb9e714cd88aca3fb00d73d2dd?themeId=27&templateId=7", "gameTypeId": "mastery"}, {"url": "https://wordwall.net/embed/ef39ea233be94f3dab17270f818cffc5?themeId=54&templateId=71", "gameTypeId": "balloon-pop"}, {"url": "https://wordwall.net/embed/825beb1a7a6b491583578844e6fa3b19?themeId=1&templateId=36", "gameTypeId": "sentences"}, {"url": "https://wordwall.net/embed/e835445610f04f59aed46382acf67191?themeId=1&templateId=47", "gameTypeId": "alien"}, {"url": "https://wordwall.net/embed/192ff90f8eec404d853d25e4c12abb31?themeId=1&templateId=47", "gameTypeId": "word-builder"}, {"url": "https://wordwall.net/embed/f7d04a8399854654a6618ff65dafac78?themeId=1&templateId=38", "gameTypeId": "scramble"}]', '{"vowel": "a", "prefixList": "b,d,p", "suffixList": "b,d,p"}', NULL, 8),
	('G02L09', 'a_review', '<sound>a</sound> review', 'G02', NULL, 'bam,Dan,fab,fad,fax,gab,gas,had,ham,has,jab,jam,lab,Dan,fab,fad,fax,gas,had,ham,has,jab,jam,lab,lag,lap,mad,man,map,max,nab,Pam,rad,ram,sad,Sam,tab,wax,yak,yam', 'fat,cat,hat,sat,mat,pat,bat,rat,vat,tat,cap,gap,lap,map,rap,sap,tap,yap,wap,zap,bag,gag,hag,jag,lag,nag,rag,sag,tag,wag,zag,ban,can,Dan,fan,Jan,man,pan,ran,tan,van,bad,dad,dab,pad,pap', 'bat,bad/bam,fat/fad/fax,lass/lad/lag,rad/rag/ram,cam/cat/cap,hat/has/ham,jag/jam/jab,pan/pad/pal,tab/tad/tax,mad/max/man,sad/sax/Sam,gab/gal/gas', '2.8 Wax the Cab', 'Y', '["/a/ review", "All Cat Words"]', '["The lad has a tan.", "Max ran to pass the cat.", "Nat is a rat and Pat is a lass."]', '[{"url": "/404.html", "gameTypeId": "whack-a-mole"}, {"url": "https://wordwall.net/embed/ccc1beba824a4f828adbe48b046b15f7?themeId=27&templateId=2", "gameTypeId": "sort"}, {"url": "/404.html", "gameTypeId": "random"}, {"url": "https://wordwall.net/embed/d534585c922b4144ae348fb8f3bc0b6a?themeId=1&templateId=7", "gameTypeId": "mastery"}, {"url": "https://wordwall.net/embed/2fa419c8f8fc40f193e1faa68c6e611c?themeId=1&templateId=36", "gameTypeId": "sentences"}, {"url": "https://wordwall.net/embed/81c4f12ee24a4be9a3f904ebeb037b5f?themeId=1&templateId=47", "gameTypeId": "alien"}, {"url": "https://wordwall.net/embed/237fee8709544bad96b0c7305d9f124f?themeId=1&templateId=47", "gameTypeId": "word-builder"}, {"url": "https://wordwall.net/embed/3a317393bae44ff9996684aa1c5d4d7a?themeId=1&templateId=38", "gameTypeId": "scramble"}]', '{"vowel": "a", "prefixList": "b,c,d,f,g,h,j,k,l,m,n,p,r,s,t,v,w,y,z", "suffixList": "b,d,g,k,l,m,n,p,s,t,x"}', NULL, 9),
	('G03L01', 'it', 'it', 'G03', NULL, 'it,bit,fit,hit,kit,lit,mitt,pit,sit,wit,zit', '', 'b-i-t/bit,f-i-t/fit,h-i-t/hit,k-i-t/kit,l-i-t/lit,p-i-t/pit,s-i-t/sit,w-i-t/wit,z-i-t/zit', '3.1 Kit Hit It', 'Y', '["it", "Bit Pit Sit"]', '["Nat the rat bit the mitt.", "The lad has wit and a zit.", "Max had a fit and hit the bin."]', '[{"url": "https://wordwall.net/embed/6dca88f589fe4a8094d6cc96ca09eac5?themeId=49&templateId=45", "gameTypeId": "whack-a-mole"}, {"url": "https://wordwall.net/embed/6dca88f589fe4a8094d6cc96ca09eac5?themeId=49&templateId=45", "gameTypeId": "sort"}, {"url": "https://wordwall.net/embed/893e9ddb01a348ba95eda6ca981e7ddc?themeId=27&templateId=70", "gameTypeId": "random"}, {"url": "https://wordwall.net/embed/4fd56533ecae4c4b965d209f101e287c?themeId=1&templateId=7", "gameTypeId": "mastery"}, {"url": "https://wordwall.net/embed/aded48593c61441e83240274b7429a2c?themeId=1&templateId=36", "gameTypeId": "sentences"}, {"url": "https://wordwall.net/embed/0bee96c07a7e45d2a433c933af03b797?themeId=23&templateId=47", "gameTypeId": "alien"}, {"url": "https://wordwall.net/embed/2b74ae981d4143a2b2a44d7b3c8e584e?themeId=1&templateId=47", "gameTypeId": "word-builder"}, {"url": "https://wordwall.net/embed/5ee1c850faa24e6b9d92832cf0b23a8d?themeId=1&templateId=38", "gameTypeId": "scramble"}]', '{"vowel": "a,i", "prefixList": "b,c,d,f,g,h,j,k,l,m,n,p,r,s,t,v,w,y,z", "suffixList": "t"}', NULL, 1),
	('G03L02', 'at+it', 'at + it', 'G03', NULL, 'it,bit,fit,hit,kit,lit,mitt,pit,sit,wit,zit,fat,cat,hat,sat,mat,pat,bat,rat,vat,tat', '', 'at/it,bat/bit,cat/kit,fat/fit,hat/hit,lat/lit,mat/mitt,pat/pit,sat/sit', '3.1 Kit Hit It', 'Y', '["at + it", "Bat + Bit"]', '["Can Pat the cat fit in the gap?", "The lad hit the mitt with the bat.", "Sit on the mat or in the pit."]', '[{"url": "https://wordwall.net/embed/2f47d7e9d04149d782377d279ea9d69b?themeId=49&templateId=45", "gameTypeId": "whack-a-mole"}, {"url": "https://wordwall.net/embed/9d2cba82d8e845c2a75a6df90001ff36?themeId=23&templateId=2", "gameTypeId": "sort"}, {"url": "https://wordwall.net/embed/ad845d52750a45fdb9d6ec6c157cf483?themeId=27&templateId=70", "gameTypeId": "random"}, {"url": "https://wordwall.net/embed/63d520f5e9994ca5a0051b9c4bcd5c73?themeId=27&templateId=7", "gameTypeId": "mastery"}, {"url": "https://wordwall.net/embed/48b35b7827044d97a7ba4ef4fb70cc43?themeId=1&templateId=36", "gameTypeId": "sentences"}, {"url": "https://wordwall.net/embed/3742183901a44832aa5f1eaa5f4e5d32?themeId=27&templateId=3", "gameTypeId": "match"}, {"url": "https://wordwall.net/embed/df172d5a5a994014b964a95c79ee9ce2?themeId=23&templateId=47", "gameTypeId": "alien"}, {"url": "https://wordwall.net/embed/d93f150393d243d29213d1eda36d1f16?themeId=1&templateId=47", "gameTypeId": "word-builder"}, {"url": "https://wordwall.net/embed/467dc96bee594a5497c0269df2833110?themeId=1&templateId=38", "gameTypeId": "scramble"}]', '{"vowel": "a,i", "prefixList": "b,c,d,f,g,h,j,k,l,m,n,p,r,s,t,v,w,y,z", "suffixList": "t"}', NULL, 2),
	('G03L03', 'ig', 'ig', 'G03', NULL, 'big,dig,fig,gig,jig,pig,rig,wig,zig', '', 'b-i-g/big,d-i-g/dig,f-i-g/fig,g-i-g/gig,j-i-g/jig,p-i-g/pig,r-i-g/rig,w-i-g/wig/z-i-g/zig', '3.2 Pig in a Wig', 'Y', '["ig", "Big Dig Fig"]', '["The pig can dig in the pit.", "The bat can zig and zag.", "Dad and Nat will fit in the rig."]', '[{"url": "https://wordwall.net/embed/c00c467ecdbc43be834cbcd96c35aee8?themeId=49&templateId=45", "gameTypeId": "whack-a-mole"}, {"url": "https://wordwall.net/embed/54965589299a4d93b8df9a6a9e54569e?themeId=1&templateId=2", "gameTypeId": "sort"}, {"url": "https://wordwall.net/embed/9641e2875a884341be4046792ab4fd73?themeId=27&templateId=70", "gameTypeId": "random"}, {"url": "https://wordwall.net/embed/1616152c66f24933a40e637ecded3fca?themeId=27&templateId=7", "gameTypeId": "mastery"}, {"url": "https://wordwall.net/embed/d1231b9ad0ef4067ae265e1fa1d4a9ba?themeId=1&templateId=36", "gameTypeId": "sentences"}, {"url": "https://wordwall.net/embed/b19cc29f238d49b48126067dedd98fe3?themeId=23&templateId=47", "gameTypeId": "alien"}, {"url": "https://wordwall.net/embed/47053b5d94a948b1ab0c7f25e7dcf983?themeId=1&templateId=47", "gameTypeId": "word-builder"}, {"url": "https://wordwall.net/embed/19bf8242558c49229ccb3fdd508ee2ff?themeId=1&templateId=38", "gameTypeId": "scramble"}]', '{"vowel": "i", "prefixList": "b,c,d,f,g,h,j,k,l,m,n,p,r,s,t,v,w,y,z", "suffixList": "g"}', NULL, 3),
	('G03L04', 'ag+ig', 'ag + ig', 'G03', NULL, 'bag,hag,jag,lag,nag,rag,sag,tag,wag,big,dig,fig,gig,jig,pig,rig,wig,zig', '', 'bag/big,gag/gig,jag/jig,rag/rig,wag/wig,zag/zig', '3.2 Pig in a Wig', 'Y', '["ag + ig", "Bag + Big"]', '["The rig is big and it can dig.", "The hag is a nag. ", "She has a wig.", "The cat can tag the pig. "]', '[{"url": "https://wordwall.net/embed/57f7c7249733419ca1adac2f67a3545d?themeId=49&templateId=45", "gameTypeId": "whack-a-mole"}, {"url": "https://wordwall.net/embed/32c67bf1badd438dba2b8c6b3c74b479?themeId=1&templateId=2", "gameTypeId": "sort"}, {"url": "https://wordwall.net/embed/66f597d80fd14c5f904525c98e9b8713?themeId=27&templateId=70", "gameTypeId": "random"}, {"url": "https://wordwall.net/embed/8b967be36178463f88ddee4b5198a851?themeId=1&templateId=7", "gameTypeId": "mastery"}, {"url": "https://wordwall.net/embed/d101886284684d0b9cbc59c8b48f980f?themeId=27&templateId=3", "gameTypeId": "match"}, {"url": "https://wordwall.net/embed/ce4e00e5d4574b9594a4a247c4421b00?themeId=1&templateId=46", "gameTypeId": "match"}, {"url": "https://wordwall.net/embed/a8f2a7d76ff64b538a860cec5a416899?themeId=1&templateId=36", "gameTypeId": "sentences"}, {"url": "https://wordwall.net/embed/64239ddf90ba4a3a9c58b03aac4c9ecc?themeId=23&templateId=47", "gameTypeId": "alien"}, {"url": "https://wordwall.net/embed/89101a8c54644173be54484fb4429b60?themeId=1&templateId=47", "gameTypeId": "word-builder"}, {"url": "https://wordwall.net/embed/eded056bbff94163a1108b9cb854e7dc?themeId=1&templateId=38", "gameTypeId": "scramble"}]', '{"vowel": "a,i", "prefixList": "b,c,d,f,g,h,j,k,l,m,n,p,r,s,t,v,w,y,z", "suffixList": "g"}', NULL, 4),
	('G03L05', 'it+ig+ip+in', 'it + ig + ip + in', 'G03', NULL, 'big,dig,fig,gig,jig,pig,rig,wig,zig,bit,fit,hit,kit,pit,sit,wit,zit,dip,hip,lip,nip,rip,sip,tip,yip,zip,bin,din,fin,gin,kin,pin,sin,tin,win', '', 'bit/big/bin,fit/fig/fin,pit/pig/pin,wit/wig/win,dig/dip/din,sit/sip/sin,kit/kip/kin', 'l3b3', 'Y', '["it + ig + ip + in", "Bit + Big"]', '["The big pig will fit in the pit.", "Can Pat the cat fit in the gap?", "Pat did a jig with a pig in a wig.", "The lad hit the mitt with the bat."]', '[{"url": "https://wordwall.net/embed/fb3d300f84b645ca96974d2bb5459bcf?themeId=49&templateId=45", "gameTypeId": "whack-a-mole"}, {"url": "https://wordwall.net/embed/7ebbb982fc4443fea49d97e42a4dffae?themeId=1&templateId=2", "gameTypeId": "sort"}, {"url": "https://wordwall.net/embed/5e33852817e642aba2486dc9f99eb2b5?themeId=27&templateId=70", "gameTypeId": "random"}, {"url": "https://wordwall.net/embed/94b12267d9574c99b2813b7e29d25be3?themeId=1&templateId=7", "gameTypeId": "mastery"}, {"url": "https://wordwall.net/embed/52ff6fb0aa69493485df982d3865e96f?themeId=1&templateId=36", "gameTypeId": "sentences"}, {"url": "https://wordwall.net/embed/a8f2a7d76ff64b538a860cec5a416899?themeId=1&templateId=36", "gameTypeId": "sentences"}, {"url": "https://wordwall.net/embed/0ab5cf1e287945e080910a6e297844a7?themeId=1&templateId=46", "gameTypeId": "match"}, {"url": "https://wordwall.net/embed/289a1d8082044ab296fc3818da450084?themeId=1&templateId=47", "gameTypeId": "alien"}, {"url": "https://wordwall.net/embed/de81f8e5b94e4a94be247da77389ccd8?themeId=1&templateId=47", "gameTypeId": "word-builder"}, {"url": "https://wordwall.net/embed/73db57a9dcee494f800a0c4411658426?themeId=1&templateId=38", "gameTypeId": "scramble"}]', '{"vowel": "i", "prefixList": "b,c,d,f,g,h,j,k,l,m,n,p,r,s,t,v,w,y,z", "suffixList": "g,n,p,t"}', NULL, 5),
	('G03L06', 'a+i', '<sound>a</sound> + <sound>i</sound>', 'G03', NULL, 'bid,did,fib,nib,hid,lid,mid,rid,him,Jim,Kim,rim,bin,din,fin,kin,min,pin,tin,vin,lip,nip,pip,rip,sip,tip,yip,zip,sis,his', 'fab,jab,nab,had,lad,mad,rad,pal,gal,Hal,ham,jam,Cam,ram,ban,Dan,fan,can,man,pan,tan,van,lap,nap,pap,rap,sap,tap,yap,zap,has,bad,dad', 'nap/nip,sap/sip,jag/jig,rag/rig,gag/gig,tap/tip,rap/rip,wag/wig,lap/lip,fat/fit,pat/pit,sat/sit,hat/hit', 'l3b3', 'Y', '["/a/ + /i/", "Contrast /a/ + /i/"]', '["The van has no gas.", "Jim will fill the van with gas.", "Jim is Sam\'s dad.", "Sam is not a bad kid."]', '[{"url": "https://wordwall.net/embed/674d35f25ee34931b06e595144e1eb03?themeId=49&templateId=45", "gameTypeId": "whack-a-mole"}, {"url": "https://wordwall.net/embed/092d360218cf4cc2b09968146a594509?themeId=27&templateId=2", "gameTypeId": "sort"}, {"url": "https://wordwall.net/embed/f6faaa6e83a041a689eb4ce4bf148251?themeId=27&templateId=70", "gameTypeId": "random"}, {"url": "https://wordwall.net/embed/71df5326ef594c2a8fd97df1ec08dc96?themeId=1&templateId=7", "gameTypeId": "mastery"}, {"url": "https://wordwall.net/embed/16e2d5bc15444938b8730cb50738230a?themeId=1&templateId=36", "gameTypeId": "sentences"}, {"url": "https://wordwall.net/embed/257848459b254670b352e14e486502bc?themeId=1&templateId=46", "gameTypeId": "match"}, {"url": "https://wordwall.net/embed/b9ded47e72f5432e92981c1534b5a20e?themeId=23&templateId=47", "gameTypeId": "alien"}, {"url": "https://wordwall.net/embed/137e339d638e44b3bb6964b7ba5bfd49?themeId=1&templateId=47", "gameTypeId": "word-builder"}, {"url": "https://wordwall.net/embed/3d3230ef527d49f9a57369665e16ca16?themeId=1&templateId=38", "gameTypeId": "scramble"}]', '{"vowel": "a,i", "prefixList": "b,c,d,f,g,h,j,k,l,m,n,p,r,s,t,v,w,y,z", "suffixList": "b,d,g,k,l,m,n,p,s,t,x"}', NULL, 6),
	('G03L07', 'bdp_i', 'b-d-p for <sound>i</sound>', 'G03', NULL, 'bib,dib,did,bid,pap,bad,pad,dad,bad', '', 'b/b/d/b/d/d,d/d/b/d/b/d,d/b/b/d/d,p/d/b/p/b,b/b/d/p/p,d/d/b/d/b,b/d/p/p/b/,b/d/b/b/p,p/d/b/d/d,b/b/b/d/p,p/d/b/b/d', '3.4 Kim and Jim', 'Y', '["b-d-p for /i/", "b-d-p for /a/ and /i/ words"]', '["b d d b p b b d b d d b b d p b d p p b d b d b b d p d d b", "Did Dad dab the pad?", "The bid is bad.", "Pip hid in the dip."]', '[{"url": "https://wordwall.net/embed/45b3398297a44b599e35eba2081976c5?themeId=49&templateId=45", "gameTypeId": "whack-a-mole"}, {"url": "https://wordwall.net/embed/4cfac56c4739459aacbaab705a86b29e?themeId=1&templateId=2", "gameTypeId": "sort"}, {"url": "https://wordwall.net/embed/da33777dc939442fb8d1ee7794e34240?themeId=27&templateId=70", "gameTypeId": "random"}, {"url": "https://wordwall.net/embed/e7755aa2ba8348659800dbb1f1f7ccec?themeId=1&templateId=7", "gameTypeId": "mastery"}, {"url": "https://wordwall.net/embed/e607845d82fe4713954bda491c09fb30?themeId=1&templateId=36", "gameTypeId": "sentences"}, {"url": "https://wordwall.net/embed/e63b66495b994b97bf53f9015ed163eb?themeId=23&templateId=47", "gameTypeId": "alien"}, {"url": "https://wordwall.net/embed/f3e64929cd724c81bee04cbe598413bb?themeId=1&templateId=47", "gameTypeId": "word-builder"}, {"url": "https://wordwall.net/embed/935d12254d254ac2b5b684488afa78f4?themeId=1&templateId=38", "gameTypeId": "scramble"}]', '{"vowel": "a,i", "prefixList": "b,d,p", "suffixList": "b,d,p"}', NULL, 7),
	('G03L08', 'i_review', '<sound>i</sound> review', 'G03', NULL, 'bin,din,dim,dip,fib,fin,fix,him,hip,his,Jim,kid,lid,lip,mid,mix,nip,pin,rib,rid,rim,rip,sin,sip,sis,six,Tim,tin,tip,wiz,yip,zip', 'bib,bid,big,bit,dib,did,dig,fig,fit,gig,hit,jig,kit,mitt,pit,pig,rig,sit,wit,wig,zig,zit,bat,bag,bad,dab,dad,Dan,fab,fad,fan,fat,fax,gab,gag,gap,gas,had,ham,hat,has,jab,jag,jam,jazz,lab,lag,lap,mad,man,map,mat,max,nab,nag,nap,pad,Pam,pan,pat,ram,ran,rap,rat,sad,sag,Sam,sat,tab,tag,tan,tap,van,vat,wag,wax,yap,zap', 'ban/bin,rad/rid,fan/fin,has/his,rad/rid,tan/tin,fax/fix,ham/him,sax/six,had/hid,dad/did', '3.4 Kim and Jim', 'Y', '["/i/ review", "All Bit Words"]', '["The big rig can dig a pit.", "Tim hid in the pit.", "Can Pat fit in the pit with Tim?"]', '[{"url": "https://wordwall.net/embed/45b3398297a44b599e35eba2081976c5?themeId=49&templateId=45", "gameTypeId": "whack-a-mole"}, {"url": "https://wordwall.net/embed/4cfac56c4739459aacbaab705a86b29e?themeId=1&templateId=2", "gameTypeId": "sort"}, {"url": "https://wordwall.net/embed/da33777dc939442fb8d1ee7794e34240?themeId=27&templateId=70", "gameTypeId": "random"}, {"url": "https://wordwall.net/embed/e7755aa2ba8348659800dbb1f1f7ccec?themeId=1&templateId=7", "gameTypeId": "mastery"}, {"url": "https://wordwall.net/embed/ac8f6fb8a6324aaf9056464494241782?themeId=1&templateId=36", "gameTypeId": "sentences"}, {"url": "https://wordwall.net/embed/1db936620c8b4d439a383e675e328245?themeId=1&templateId=47", "gameTypeId": "word-builder"}, {"url": "https://wordwall.net/embed/51f04e539bcc48889c8b44f7518f242e?themeId=1&templateId=38", "gameTypeId": "scramble"}]', '{"vowel": "a,i", "prefixList": "b,c,d,f,g,h,j,k,l,m,n,p,r,s,t,v,w,y,z", "suffixList": "b,d,g,k,l,m,n,p,s,t,x"}', NULL, 8),
	('G04L01', 'ot', 'ot', 'G04', NULL, 'bot,cot,dot,got,hot,jot,lot,not,pot,rot,tot', '', 'cat/cot,bat/bot,hat/hot,lat/lot,pat/pot,rat/rot,tat/tot', 'l4b1', 'Y', '["ot", "Cot Dot Jot"]', '["Tom is on a mat on top of a cot.", "Is the cat on the cot with Tom? ", "Tom and the cat sit on the cot a lot."]', '[{"url": "https://wordwall.net/embed/73985b0772164d56bd54a22f2ac610ba?themeId=49&templateId=45", "gameTypeId": "whack-a-mole"}, {"url": "https://wordwall.net/embed/15b117b861d344e0aba97a25ac7ecf13?themeId=1&templateId=2", "gameTypeId": "sort"}, {"url": "https://wordwall.net/embed/e6148a5bed844ec79bfa25543f70ce97?themeId=27&templateId=70", "gameTypeId": "random"}, {"url": "https://wordwall.net/embed/d680995b77134d8dbdc3f04e11a832b3?themeId=27&templateId=7", "gameTypeId": "mastery"}, {"url": "https://wordwall.net/embed/adb45ce986f940b8bffba4bd86d0b523?themeId=1&templateId=36", "gameTypeId": "sentences"}, {"url": "https://wordwall.net/embed/875b0d7be4c246a4b3ee5234ce9d5b74?themeId=23&templateId=47", "gameTypeId": "alien"}, {"url": "https://wordwall.net/embed/5a988b4f0dc44e45bc8fed19ce4f2dc6?themeId=1&templateId=47", "gameTypeId": "word-builder"}, {"url": "https://wordwall.net/embed/d3f4553ca585474a9cc37c42304cd21d?themeId=1&templateId=38", "gameTypeId": "scramble"}]', '{"vowel": "o", "prefixList": "b,c,d,f,g,h,j,k,l,m,n,p,r,s,t,v,w,y,z", "suffixList": "t"}', NULL, 1),
	('G04L02', 'ot+og+op', 'ot + og + op', 'G04', NULL, 'bot,cot,dot,got,hot,jot,lot,not,pot,rot,tot,bog,cog,dog,fog,hog,jog,log,pog,bop,cop,hop,lop,mop,pop,sop,top', '', 'bot/bog,dog/dog,cot/cop,jot/jog,hot/hop,lot/log,tot/top,pot/pog', 'l4b2', 'Y', '["ot + og + op", "Cot + Cog + Cop"]', '["The top of the pot is not hot.", "The tot can sit on the log with the dog.", "Will the hog hop in the pit with the pig?"]', '[{"url": "https://wordwall.net/embed/68ec0afbede94ba5b441e6967f71556e?themeId=49&templateId=45", "gameTypeId": "whack-a-mole"}, {"url": "https://wordwall.net/embed/d6ccfab0135548068773f13175c6b751?themeId=27&templateId=2", "gameTypeId": "sort"}, {"url": "https://wordwall.net/embed/fc281ca6196a4cf29d92f4d998ef9d71?themeId=27&templateId=70", "gameTypeId": "random"}, {"url": "https://wordwall.net/embed/3cab9bd1fd0948e0a85050032225e05c?themeId=27&templateId=7", "gameTypeId": "mastery"}, {"url": "https://wordwall.net/embed/102b45978cc940079dd3f8e2e84aff24?themeId=1&templateId=36", "gameTypeId": "sentences"}, {"url": "https://wordwall.net/embed/028ae202a0a442c7bf8206983ed11017?themeId=1&templateId=47", "gameTypeId": "alien"}, {"url": "https://wordwall.net/embed/70364999ef5c4d3d940471d6ed9e90d7?themeId=1&templateId=47", "gameTypeId": "word-builder"}, {"url": "https://wordwall.net/embed/ee58a702b8c94fc1a3b5fda0ebc5052a?themeId=1&templateId=38", "gameTypeId": "scramble"}]', '{"vowel": "o", "prefixList": "b,c,d,f,g,h,j,k,l,m,n,p,r,s,t,v,w,y,z", "suffixList": "g,p,t"}', NULL, 2),
	('G04L03', 'a+i+o', '<sound>a</sound> + <sound>i</sound> + <sound>o</sound>', 'G04', NULL, 'Bob,boss,box,cod,con,Don,fob,fox,gob,job,lob,mob,mod,mom,nod,non,pox,rob,rod,Ron,sob,sod,Tom', 'pod,pop,bad,dab,dad,Dan,fab,fad,fax,gab,gas,had,ham,has,jab,jam,lab,mad,man,max,nab,pad,Pam,ram,ran,sad,Sam,tab,wax,bib,bid,bin,dib,did,dim,fib,fin,fix,him,his,Jim,kid,lid,mid,mix,pin,rib,rid,rim,sid,sin,sis,six,Tim,tin,wiz', 'rad/rid/rod,bag/big/bog,hat/hit/hot,pat/pit/pot,mad/mid/mod,fab/fib/fob,jag/jig/jog,tap/tip/top,fax/fix/fox', 'l4b2', 'Y', '["/a/ + /i/ + /o/", "Contrast /a/ + /i/ + /o/"]', '["Jim, Pam and Ron can jog in the fog.", "Tom ran to pass Jim. Bam!", "Was that a log in the bog?", "Now Tom will not run.", "He will jog."]', '[{"url": "https://wordwall.net/embed/b05fa72024a7468abb6a7fdc5adf35f6?themeId=1&templateId=2", "gameTypeId": "sort"}, {"url": "https://wordwall.net/embed/9c9bee2a11f649899b08dfc5628b2021?themeId=42&templateId=70", "gameTypeId": "random"}, {"url": "https://wordwall.net/embed/d69e6a91345044bb83379df2c9140f1a?themeId=1&templateId=7", "gameTypeId": "mastery"}, {"url": "https://wordwall.net/embed/c7b4b01058714ad8a8db6ba39d790ed5?themeId=27&templateId=36", "gameTypeId": "sentences"}, {"url": "https://wordwall.net/embed/28653905ee194252a55cd5501c91b57b?themeId=23&templateId=47", "gameTypeId": "alien"}, {"url": "https://wordwall.net/embed/097cf909eab3448090ae55572fbeb6a6?themeId=1&templateId=47", "gameTypeId": "word-builder"}, {"url": "https://wordwall.net/embed/51334354006c47e68c2f58e92434bd3a?themeId=1&templateId=38", "gameTypeId": "scramble"}]', '{"vowel": "a,i,o", "prefixList": "b,c,d,f,g,h,j,k,l,m,n,p,r,s,t,v,w,y,z", "suffixList": "b,d,g,l,m,n,p,s,t,x"}', NULL, 3),
	('G04L04', 'bdp_o', 'b-d-p for <sound>o</sound>', 'G04', NULL, 'bob,pod,dob,pop,bop,bib,dib,bid,did,dip,pap,dad,dab,bad,pad', '', 'b/b/d/b/d/d,d/d/b/d/b/d,d/b/b/d/d,p/d/b/p/b,b/b/d/p/p,d/d/b/d/b,b/d/p/p/b/,b/d/b/b/p,p/d/b/d/d,b/b/b/d/p,p/d/b/b/d', '', 'Y', '["b-d-p for /o/", "b-d-p for Bat-Bit-Bot Words"]', '["Dad and his pop bid on a big pig.", "Bob is not a bad lad.", "He will put the bid on the pad."]', '[{"url": "https://wordwall.net/embed/478e1334cb4647c380898aa5dced1176?themeId=49&templateId=45", "gameTypeId": "whack-a-mole"}, {"url": "https://wordwall.net/embed/cd21d30506944f85bdedf0f446fdd498?themeId=27&templateId=2", "gameTypeId": "sort"}, {"url": "https://wordwall.net/embed/a2aac3617d654dc3ad75cbceb5ae6bec?themeId=27&templateId=70", "gameTypeId": "random"}, {"url": "https://wordwall.net/embed/cc999b653d154f05b3373ed27dc46652?themeId=27&templateId=7", "gameTypeId": "mastery"}, {"url": "https://wordwall.net/embed/e5719312bceb417eb7077b2492fa5ede?themeId=1&templateId=36", "gameTypeId": "sentences"}, {"url": "https://wordwall.net/embed/1226fc5baf57437f89d0ad04450db7e6?themeId=23&templateId=47", "gameTypeId": "alien"}, {"url": "https://wordwall.net/embed/191f59dad96547ad8c2a9488e19dece7?themeId=1&templateId=47", "gameTypeId": "word-builder"}, {"url": "https://wordwall.net/embed/1d729f47be66482d8e2a1c80ca33801e?themeId=1&templateId=38", "gameTypeId": "scramble"}]', '{"vowel": "a,i,o", "prefixList": "b,d,p", "suffixList": "b,d,p"}', NULL, 4),
	('G04L05', 'o_review', '<sound>o</sound> review', 'G04', NULL, 'Bob,bog,bop,box,dog,dot,fob,fog,fop,fox,gob,got,hog,hop,hot,job,jog,jot,lob,log,lot,mob,mod,mom,mop,nod,non,not,pod,pop,pot,pox,rob,rod,Ron,rot,sob,sod,sop,tom,top,tot', 'bat,bag,bad,bass,dab,dad,Dan,fab,fad,fan,fat,fax,gab,gag,gap,gas,had,ham,hat,has,jab,jag,jam,lab,lag,lap,mad,man,map,mat,max,nab,nag,nap,pad,Pam,pan,pat,ram,ran,rap,rat,sad,sag,Sam,sat,tab,tag,tam,tan,tap,van,vat,wag,wax,zap,bib,big,bid,bin,bit,dib,did,dig,din,dim,dip,fib,fin,fig,fill,fit,fix,fizz,gig,hid,him,hip,his,hip,jig,Jim,kid,kit,lid,lip,mid,mix,nip,nit,pill,pin,pit,pig,rib,rid,rig,rim,rip,sid,sin,sip,sis,sit,six,Tim,tin,tip,wig,wit,wiz,yip,zig,zip,zit,bib,big,bid,bin,bit,dib,did,dig,din,dim,dip,fib,fin,fig,fit,fix,gig,hid,him,hip,his,hit,jig,Jim,kid,kit,lid,lip,mid,mix,nip,nit,pin,pit,pig,rib,rid,rig,rim,rip,sid,sin,sip,sis,sit,six,Tim,tin,tip,wig,wit,wiz,yip,zig,zip,zit', 'mop/mob/mom,cot/con/cog,rot/rob/rod,jog/job/jot,log/lob/lot,hog/hot/hop,bod/bog/bop,dot/dog/don,fob/fox/fog', '', 'Y', '["/o/ review", "All Cot Words"]', '["Pam\'s mom got a job from Ron\'s boss.", "Pam got a big box from her pop.", "The box had a doll and a red ball in it."]', '[{"url": "https://wordwall.net/embed/2bbb2c9696454350b74fa78348e7d910?themeId=1&templateId=7", "gameTypeId": "mastery"}, {"url": "https://wordwall.net/embed/343fafa947994bcab36013cad9c63062?themeId=2&templateId=70", "gameTypeId": "random"}, {"url": "https://wordwall.net/embed/3a47e10e9f0745f796b5fc942844e41b?themeId=1&templateId=2", "gameTypeId": "sort"}, {"url": "https://wordwall.net/embed/ee69c5fb1f2e43d39818630f84da3b93?themeId=1&templateId=46", "gameTypeId": "match"}, {"url": "https://wordwall.net/embed/5dd3860180a74a1d99b322987e330800?themeId=1&templateId=36", "gameTypeId": "sentences"}, {"url": "https://wordwall.net/embed/11da11cba1c84caa90bbf077648473f9?themeId=1&templateId=47", "gameTypeId": "alien"}, {"url": "https://wordwall.net/embed/ebdc46d9f9c4412ebd9cc95a32fa3e17?themeId=1&templateId=47", "gameTypeId": "word-builder"}, {"url": "https://wordwall.net/embed/9e26b143513b4c3185e0a18c0b9e37c4?themeId=1&templateId=38", "gameTypeId": "scramble"}, {"url": "https://wordwall.net/embed/ad58c1c6da72426bbf991c5bbe3b37ed?themeId=1&templateId=46", "gameTypeId": "match"}, {"url": "https://wordwall.net/embed/7a865621b6e8492592fdc4c864590571?themeId=1&templateId=1", "gameTypeId": "six-dice"}]', '{"vowel": "a,i,o", "prefixList": "b,c,d,f,g,h,j,k,l,m,n,p,r,s,t,v,w,y,z", "suffixList": "b,d,g,k,l,m,n,p,s,t,x"}', NULL, 5),
	('G05L01', 'ut+ug+up+un', 'ut + ug + up + un', 'G05', NULL, 'but,cut,gut,hut,jut,nut,rut,tut,bug,dug,hug,jug,lug,mug,pug,rug,cup,pup,sup,yup', 'bat,cat,fat,hat,mat,pat,rat,sat,tat,bit,fit,hit,kit,pit,sit,wit,zit,bot,cot,dot,got,hot,jot,lot,not,pot,rot,tot,bag,gag,hag,jag,lag,nag,rag,sag,tag,wag,zag,big,dig,fig,gig,jig,pig,rig,wig,zig,bog,cog,dog,fog,hog,jog,log,pog', 'but/bug,hut/hug,jut/jug,rut/rug,tut/tug,cut/cup,put/pug', '', 'Y', '["ut + ug + up + un", "But Nut Rut"]', '["Tom will hop over a rut and go in the hut.", "He will cut the nut and put it in a bag.", "The mutt will eat the nut in the hut."]', '[{"url": "https://wordwall.net/embed/8b0a2cdd013844cbafb6149270c5d37e?themeId=49&templateId=45", "gameTypeId": "whack-a-mole"}, {"url": "https://wordwall.net/embed/b64cd7bfc0f941b7af804dfd655be484?themeId=27&templateId=2", "gameTypeId": "sort"}, {"url": "https://wordwall.net/embed/53e453942fd7493e998e76d75459cbad?themeId=27&templateId=7", "gameTypeId": "random"}, {"url": "https://wordwall.net/embed/4ec366c88d2f4fe992a362ca4793bfd5?themeId=27&templateId=7", "gameTypeId": "mastery"}, {"url": "https://wordwall.net/embed/9e5438d69486442da6a7381862d71606?themeId=1&templateId=36", "gameTypeId": "sentences"}, {"url": "https://wordwall.net/embed/bb2425f7afdf4803a6de899eba3da4bd?themeId=1&templateId=47", "gameTypeId": "alien"}, {"url": "https://wordwall.net/embed/53a481643b114aa69b1c618cd951f816?themeId=1&templateId=47", "gameTypeId": "word-builder"}, {"url": "https://wordwall.net/embed/8216fed5d2ba490a8dd83127ea655636?themeId=1&templateId=38", "gameTypeId": "scramble"}]', '{"vowel": "a,i,o,u", "prefixList": "b,c,d,f,g,h,j,k,l,m,n,p,r,s,t,v,w,y,z", "suffixList": "g,p,t"}', NULL, 1),
	('G05L02', 'u_a', '<sound>u</sound> + <sound>a</sound>', 'G05', NULL, 'bud,bus,bun,fun,pun,run,sun,dub,dud,hum,mud,mum,nub,nun,pus,pup,rum,sud', 'bad,bass,ban,dab,dad,ham,fab,fan,fad,fax,gab,gap,gas,had,ham,has,jab,jag,jam,lab,lat,lap,mad,man,map,max,nab,nap,pad,Pam,pan,ram,ran,rap,sad,Sam,tab,tan,tap,van,wax,yap,zap', 'bad/bud,dad/dud,fan/fun,tab/tub,Sam/sum,tax/tux,ran/run,dab/dub,ham/hum,mad/mud,yap/yup ', '', 'Y', '["/u/ + /a/", "Contrast /a/ and /u/"]', '["It is fun to put the cup in the tub.", "Sam and Dan hug Mom in the cab.", "The cub is not big but it can tug the can."]', '[{"url": "https://wordwall.net/embed/98e35a8b3e1e463bbfd2e6f3512ad232?themeId=49&templateId=45", "gameTypeId": "whack-a-mole"}, {"url": "https://wordwall.net/embed/a2e7c210617c4c8fbfc21a8b1176a602?themeId=27&templateId=2", "gameTypeId": "sort"}, {"url": "https://wordwall.net/embed/431fb6e94efa48b2b9a4a57b67527cc0?themeId=27&templateId=70", "gameTypeId": "random"}, {"url": "https://wordwall.net/embed/24d998a09d104fce94d9d5e0c74a68bb?themeId=27&templateId=7", "gameTypeId": "mastery"}, {"url": "https://wordwall.net/embed/1da5414618c940a5971975689189bfaf?themeId=1&templateId=46", "gameTypeId": "match"}, {"url": "https://wordwall.net/embed/eee538f39eba445cb3e3a36c4a5351ce?themeId=1&templateId=36", "gameTypeId": "sentences"}, {"url": "https://wordwall.net/embed/9cb5c3979e5f4303b0cf17605f56dfd6?themeId=1&templateId=47", "gameTypeId": "alien"}, {"url": "https://wordwall.net/embed/b238a9445bc142fa905284e982e6bc73?themeId=1&templateId=47", "gameTypeId": "word-builder"}, {"url": "https://wordwall.net/embed/74b4fa108c3d416d94e98c68e379eeb7?themeId=1&templateId=38", "gameTypeId": "scramble"}]', '{"vowel": "a,i,o,u", "prefixList": "b,c,d,f,g,h,j,k,l,m,n,p,r,s,t,v,w,y,z", "suffixList": "b,d,g,k,l,m,n,p,s,t,x"}', NULL, 2),
	('G05L03', 'u+i+o', '<sound>u</sound> + i/ + <sound>o</sound>', 'G05', NULL, 'bum,nub,rub,sub,Gus,bud,hub,bus,cup,cud,cub,pub,bus,rub,sud,sum,tub,tux', 'din,dim,dip,fin,fix,hid,him,hip,his,kid,lid,lip,mid,nit,pin,rib,rim,sid,sin,sip,sis,six,yip,bop,box,fop,fox,hop,job,lob,mob,mod,mom,mop,nod,non,not,pod,pop,pox,rob,rod,Ron,sob,sod', 'bit/bot/but,pit/pot/putt,jig/jog/jug,hit/hot/hut,bid/bod/bud,rib/rob/rub,nit/not/nut,pip/pop/pup', '', 'Y', '["/u/ + i/ + /o/", "Contrast /i/ and /u/"]', '["Jill will kiss Jim on the bus.", "The big pig sits in the mud pit.", "Bill will cut his lip on the lid of the tin can."]', '[{"url": "https://wordwall.net/embed/f68401b222b445098afee126da47c996?themeId=49&templateId=45", "gameTypeId": "whack-a-mole"}, {"url": "https://wordwall.net/embed/3f64dfe1537549b5a159e87fe862e778?themeId=1&templateId=2", "gameTypeId": "sort"}, {"url": "https://wordwall.net/embed/0b7d3d79c50f42dfb58f280cf7534db5?themeId=27&templateId=70", "gameTypeId": "random"}, {"url": "https://wordwall.net/embed/14a7a2d6d9794a2fa84794e4edc8f6ac?themeId=27&templateId=7", "gameTypeId": "mastery"}, {"url": "https://wordwall.net/embed/1570cfe81ba4470f8d6451940a663385?themeId=1&templateId=36", "gameTypeId": "sentences"}, {"url": "https://wordwall.net/embed/f3355c2901424ca78f0684e02841df7d?themeId=23&templateId=47", "gameTypeId": "alien"}, {"url": "https://wordwall.net/embed/4510a85f6069487fbb574f12e8e40eac?themeId=1&templateId=47", "gameTypeId": "word-builder"}, {"url": "https://wordwall.net/embed/62bf8b5b038b4be9900608eacf1344f6?themeId=1&templateId=38", "gameTypeId": "scramble"}]', '{"vowel": "a,i,o,u", "prefixList": "b,c,d,f,g,h,j,k,l,m,n,p,r,s,t,v,w,y,z", "suffixList": "b,d,g,k,l,m,n,p,s,t,x"}', NULL, 3),
	('G05L04', 'bdp_u', 'b-d-p for <sound>u</sound>', 'G05', NULL, 'bud,dub,dud,pub,pug,pup,Bob,pod,pop,bop,bib,dib,bid,did,dip,pap,dad,bab,dab,bad,pad', '', 'b/b/d/b/d/d,d/d/b/d/b/d,d/b/b/d/d,p/d/b/p/b,b/b/d/p/p,d/d/b/d/b,b/d/p/p/b/,b/d/b/b/p,p/d/b/d/d,b/b/b/d/p,p/d/b/b/d', '', 'Y', '["b-d-p for /u/", "b-d-p for Bat-Bit-Bot-But Words"]', '["Bud the pug is a bad pup.", "Bob did not go to the pub for a pop.", "The dad put a bib on his kid.", "He will dab the bib with a pad."]', '[{"url": "https://wordwall.net/embed/e8cf513285f44f41b9050ef334a5ea58?themeId=49&templateId=45", "gameTypeId": "whack-a-mole"}, {"url": "https://wordwall.net/embed/ebea8297a0ff4cfc929524ee4d1e79e3?themeId=1&templateId=2", "gameTypeId": "sort"}, {"url": "https://wordwall.net/embed/350a45b6764f4626b9556a750fd30aa3?themeId=27&templateId=70", "gameTypeId": "random"}, {"url": "https://wordwall.net/embed/88471860d6374d138b7811a4822c8eda?themeId=27&templateId=7", "gameTypeId": "mastery"}, {"url": "https://wordwall.net/embed/5f883193151c4fadaf94fa1ca7f7290a?themeId=1&templateId=46", "gameTypeId": "match"}, {"url": "https://wordwall.net/embed/81546786d8ca41168e5387d88c5e0e89?themeId=1&templateId=36", "gameTypeId": "sentences"}, {"url": "https://wordwall.net/embed/8fd8785377824a6e925adb4fcdaf4782?themeId=1&templateId=47", "gameTypeId": "alien"}, {"url": "https://wordwall.net/embed/3cd3cb66db0f439ebabacc79dd87332d?themeId=1&templateId=47", "gameTypeId": "word-builder"}, {"url": "https://wordwall.net/embed/bd224ad1398a4747bb9204b0f1618b08?themeId=1&templateId=38", "gameTypeId": "scramble"}]', '{"vowel": "a,i,o,u", "prefixList": "b,d,p", "suffixList": "b,d,p"}', NULL, 4),
	('G05L05', 'u_review', '<sound>u</sound> review', 'G05', NULL, 'bud,bug,bum,bun,but,bus,dub,dud,dug,fun,hub,hug,hut,hum,jug,jut,lug,mud,mug,mum,nub,nun,nut,pub,pug,pun,pup,pus,run,rug,rut,sub,sum,sun,sup,tub,tug,tut,tux', 'fat,cat,hat,sat,mat,pat,bat,rat,vat,cap,gap,lap,map,rap,sap,tap,zap,bag,hag,jag,lag,nag,rag,sag,tag,wag,bit,fit,hit,kit,mitt,pit,sit,wit,zit,big,dig,fig,jig,pig,rig,wig,zig,dip,hip,lip,nip,pip,rip,sip,zip,cot,dot,got,hot,jot,lot,not,pot,rot,tot,bog,cog,dog,fog,hog,jog,log,cop,fop,hop,lop,pop,top', 'bug/bog/bag/big,dug/dog/dag/dig,hut/hot/hat/hit,but/bot/bat/bit,bun/bon/ban/bin,cut/cot/cat/kit,jug/jog/jag/jig,cup/cop/cap/Kip,nut/not/Nat/nit', '', 'Y', '["/u/ review", "All Bug Words"]', '["The mutt dug a rut and hid Tim\'s mitt in it.", "The sun is hot so Mom put a hat on the tot.", "Sam had fun with Jill but then a bug bit him on the lip."]', '[{"url": "https://wordwall.net/embed/a2d21ebc9e7b48c6a1ba1ee8c5182960?themeId=42&templateId=70", "gameTypeId": "random"}, {"url": "https://wordwall.net/embed/93741dd34f4942bb9f8fe4acea690c65?themeId=1&templateId=7", "gameTypeId": "mastery"}, {"url": "https://wordwall.net/embed/35e8a49cce384303bb84739bda7a1f75?themeId=27&templateId=36", "gameTypeId": "sentences"}, {"url": "https://wordwall.net/embed/a1ac8e77cfef4a02a75c02e72cd17038?themeId=1&templateId=46", "gameTypeId": "match"}, {"url": "https://wordwall.net/embed/4ef14cd8ec654d73a4b15b0f4a9ef1f5?themeId=1&templateId=47", "gameTypeId": "alien"}, {"url": "https://wordwall.net/embed/b8b8f781f6d74c59bae6d12b0f1f6941?themeId=1&templateId=47", "gameTypeId": "word-builder"}, {"url": "https://wordwall.net/embed/aa112afc620f442ea1e4805d0df8b33d?themeId=1&templateId=38", "gameTypeId": "scramble"}]', '{"vowel": "a,i,o,u", "prefixList": "b,c,d,f,g,h,j,k,l,m,n,p,r,s,t,v,w,y,z", "suffixList": "b,d,g,k,l,m,n,p,s,t,x"}', NULL, 5),
	('G06L01', 'et+eg+en', 'et + eg + en', 'G06', NULL, 'bet,get,jet,let,met,net,pet,set,vet,wet,beg,keg,leg,Meg,peg,Ben,den,fen,hen,Jen,Ken,men,ten,pen', 'bat,cat,fat,hat,mat,pat,rat,sat,tat,vat,bit,fit,hit,kit,lit,pit,sit,wit,zit,bot,cot,dot,got,hot,jot,lot,not,pot,rot,tot,but,cut,gut,hut,jut,nut,rut,tut,bug,dug,hug,jug,lug,mug,pug,rug,bag,gag,hag,jag,lag,nag,rag,sag,tag,wag,zag,big,dig,fig,gig,jig,pig,rig,wig,zig,bog,cog,dog,fog,hog,jog,log,pog', 'bet/beg,pet/pen,met/men,jet/Jen,pet/peg,bet/Ben,met/Meg,let/leg', '', 'Y', '["et + eg + en", "Bet Get Jet"]', '["I bet he will go to the vet with his pet.", "Set the wet net on top of the box.", "Matt gets set to go on the jet with his dad."]', '[{"url": "https://wordwall.net/embed/db35ab2fea90439cbac4db722095d7db?themeId=49&templateId=45", "gameTypeId": "whack-a-mole"}, {"url": "https://wordwall.net/embed/5f219c5974964a9ea69217e5804b77c4?themeId=1&templateId=2", "gameTypeId": "sort"}, {"url": "https://wordwall.net/embed/e4fa6f3d01624ed48b019541a5c1fe08?themeId=27&templateId=70", "gameTypeId": "random"}, {"url": "https://wordwall.net/embed/192ab909d81c49e989c752e4c027dbb0?themeId=1&templateId=7", "gameTypeId": "mastery"}, {"url": "https://wordwall.net/embed/de4c0291d03a4480b5687ce110bdda81?themeId=1&templateId=36", "gameTypeId": "sentences"}, {"url": "https://wordwall.net/embed/3959945bd0c34f0a8d7ed76f09cbe9fb?themeId=23&templateId=47", "gameTypeId": "alien"}, {"url": "https://wordwall.net/embed/6824369c6f5946649c5219ccb262d728?themeId=1&templateId=47", "gameTypeId": "word-builder"}, {"url": "https://wordwall.net/embed/6583ebca08f844b3982e18eb941eb842?themeId=1&templateId=38", "gameTypeId": "scramble"}]', '{"vowel": "a,e,i,o,u", "prefixList": "b,c,d,f,g,h,j,k,l,m,n,p,r,s,t,v,w,y,z", "suffixList": "g,n,t"}', NULL, 1),
	('G06L02', 'e_review', '<sound>e</sound> review', 'G06', NULL, 'Deb,Ned,Ted,den,pep,gem,gel,hem,pen,yep,hex,pep,bed,web,wed,Wes,yes,bed,fed,led,med,red,gel,Mel,hem,yep,rep,hex,Jed,ref,rep,yes', 'bad,fad,lad,mad,pad,rad,tad,gal,ham,pan,pap,rap,yap,bass,lid,mid,rid,big,pig,him,bin,din,fin,kin,pin,tin,pip,rip,yip,lit,,pit,wit,sit,dob,nod,don,pop,Jon,pod,bed,bod,med,mod,red,rod,beg,bog,leg,log,peg,pog,bot,bet,got,get,jot,jet,lot,let,not,net,pot,pet,gum,hum,pun,yup,pup,fun,bud,bun,pug,dub,mud,bug,lug,mug,bus,but,gut,jut,nut', 'pog/pug/peg,pop/pup/pep,jot/jut/jet,got/gut/get,bot/but/bet,not/nut/net,mod/mud/med', '', 'Y', '["/e/ review", "Contrast /o/ and /e/"]', '["Tess got a doll and a red ball from Dad.", "Ben got a net and a rod from Pop. ", "Ned got a bell from Jim but he will sell it to Kim so he can get a pad and a pen."]', '[{"url": "https://wordwall.net/embed/1f618a781e5a4a61b185c583fe8a1412?themeId=49&templateId=45", "gameTypeId": "whack-a-mole"}, {"url": "https://wordwall.net/embed/5a125e328d1e48f0a67c605e92bc47b3?themeId=27&templateId=2", "gameTypeId": "sort"}, {"url": "https://wordwall.net/embed/d568fa250c1b4a4e83d5a9854b3a6437?themeId=42&templateId=70", "gameTypeId": "random"}, {"url": "https://wordwall.net/embed/ca7e40a668714132913b449047ebda09?themeId=27&templateId=7", "gameTypeId": "mastery"}, {"url": "https://wordwall.net/embed/9c249c39dc234d49a9a190e1f79294bb?themeId=1&templateId=46", "gameTypeId": "match"}, {"url": "https://wordwall.net/embed/eab58820d82141c39f1e7a17af38a8ff?themeId=1&templateId=36", "gameTypeId": "sentences"}, {"url": "https://wordwall.net/embed/297eb351a8f240a9859f3baa8f93676b?themeId=23&templateId=47", "gameTypeId": "alien"}, {"url": "https://wordwall.net/embed/7470d30a565e45b78cdac3b9c76e48a2?themeId=1&templateId=47", "gameTypeId": "word-builder"}, {"url": "https://wordwall.net/embed/3e33be0c2ced4ce79d194c2379367f17?themeId=1&templateId=38", "gameTypeId": "scramble"}]', '{"vowel": "a,e,i,o,u", "prefixList": "b,c,d,f,g,h,j,k,l,m,n,p,r,s,t,v,w,y,z", "suffixList": "b,d,g,k,l,m,n,p,s,t,x"}', NULL, 2),
	('G06L03', 'bdp_review', 'b-d-p for <sound>e</sound>', 'G06', NULL, 'bud,bug,bod,bad,bid,bed,bop,bog,bab,dub,dud,dug,dad,dab,did,dip,Deb,pad,pap,pip,pub,pup,pep', '', 'bad/bed,dad/dab,pad/bad,bid/dib,dab/dad,dub/dud,bud/dud,did/bid', '', 'Y', '["b-d-p for /e/", "b-d-p Review"]', '["Nat the rat bit the mitt.", "The lad has wit and a zit.", "Max had a fit and hit the bin."]', '[{"url": "https://wordwall.net/embed/ba4fb5cbac7c40e78477bb985782bdd4?themeId=49&templateId=45", "gameTypeId": "whack-a-mole"}, {"url": "https://wordwall.net/embed/9f28335954c340cdb92401d388aa8f44?themeId=27&templateId=2", "gameTypeId": "sort"}, {"url": "https://wordwall.net/embed/de484b28781d40e5b535582fa6052a28?themeId=27&templateId=70", "gameTypeId": "random"}, {"url": "https://wordwall.net/embed/3778101726b146ec96e3ebdf4ccfbba9?themeId=1&templateId=7", "gameTypeId": "mastery"}, {"url": "https://wordwall.net/embed/43d892d285bc4a4e9faf0c2243aeebc1?themeId=1&templateId=46", "gameTypeId": "match"}, {"url": "https://wordwall.net/embed/a9ac43fd195d4b8cb94fd973cd2f080b?themeId=23&templateId=47", "gameTypeId": "alien"}, {"url": "https://wordwall.net/embed/cd416d40b2ab40079e90e6e188678098?themeId=1&templateId=47", "gameTypeId": "word-builder"}, {"url": "https://wordwall.net/embed/a8444442a4134cebb02e6e1ec7bc1cb1?themeId=1&templateId=38", "gameTypeId": "scramble"}]', '{"vowel": "a,e,i,o,u", "prefixList": "b,d,p", "suffixList": "b,d,p"}', NULL, 3),
	('G06L04', 'grand_review', 'Grand Review', 'G06', NULL, 'bed,Ben,bet,beg,den,fed,fen,gem,gel,hen,hex,jet,led,leg,let,Meg,men,met,Ned,net,pen,peg,pet,set,ten,vet,web,wed,wet', 'bud,bug,bum,bun,but,bus,dub,dud,dug,dun,fun,hub,hug,hut,hum,jug,jut,lug,mud,mug,mum,nub,nun,nut,pub,pug,pun,pup,pus,run,rug,rut,sub,sum,sun,sup,tub,tug,tut,tux,bib,big,bid,bin,bit,dib,did,dig,din,dim,dip,fib,fin,fig,fit,fix,gig,hid,him,hip,his,hit,jib,jig,Jim,jip,kid,kit,lid,lip,mid,mix,nip,nit,pin,pit,pig,rib,rid,rig,rim,rip,sid,sin,sip,sis,sit,six,Tim,tin,tip,wig,wit,wiz,yip,zig,zip,zit,bat,bag,bad,dab,dad,Dan,fab,fad,fan,fat,fax,gab,gag,gap,gas,had,ham,hat,has,jab,jag,jam,lab,lag,lap,mad,man,map,mat,max,nab,nag,nap,pad,Pam,pan,pat,ram,ran,rap,rat,sad,sag,Sam,sat,tab,tag,tam,tan,tap,van,vat,wag,wax,zap,Bob,bog,bop,box,dog,dot,fob,fog,fop,fox,gob,got,hog,hop,hot,job,jog,jot,lob,log,lot,mob,mod,mom,mop,nod,non,not,pod,pop,pot,pox,rob,rod,Ron,rot,sob,sod,sop,tom,top,tot', 'bed/bod/bad/bid/bud,pet/pot/pat/pit/put,fed/fod/fad/fid/fud,med/mod/mad/mid/mud,let/lot/lat/lit/lut,bet/bot/bat/bit/but,beg/bog/bag/big/bug', '', 'Y', '["Grand Review", "Grand Review"]', '["", "", ""]', '[{"url": "https://wordwall.net/embed/b5479d5b51c04826bcaaeb2832643599?themeId=27&templateId=70", "gameTypeId": "random"}, {"url": "https://wordwall.net/embed/7aa3c2b4499b4283a2a91a9d3fc3e4df?themeId=27&templateId=7", "gameTypeId": "mastery"}, {"url": "https://wordwall.net/embed/03f0a940008d4ab79be6fbe202587a71?themeId=23&templateId=47", "gameTypeId": "alien"}, {"url": "https://wordwall.net/embed/9aeff236f0504a6985303c033a86be92?themeId=1&templateId=47", "gameTypeId": "word-builder"}, {"url": "https://wordwall.net/embed/fe58b00cff0d40b3b1b26df335f26add?themeId=1&templateId=38", "gameTypeId": "scramble"}]', '{"vowel": "a,e,i,o,u", "prefixList": "b,c,d,f,g,h,j,k,l,m,n,p,r,s,t,v,w,y,z", "suffixList": "b,d,g,k,l,m,n,p,s,t,x"}', NULL, 4),
	('G07L01', 'floss', 'FLOSS', 'G07', NULL, 'well,sell,tell,bell,buzz,mess,less,fuss,puff,ruff,riff,toss,loss,hiss,miss,fizz,fuzz,jazz,fill,hill,mill,will,doll,buzz,buff,bass,mass,pass,cuff,off,kiss,ball,fall,tall,wall', 'huff,Bess,Tess,gill,Jill,till,cuss,duff,Jill,Bill,Ross,diss,hall,mall,dill,sill,muff,bill,till,pill,lass,sass,fuss,moss,boss', 'well/sell/tell,hill/fill/pill,fall/ball/tall,bass/mass/pass,fuss/muss/cuss,kiss/miss/hiss,buff/cuff/muff,boss/moss/toss', '', 'Y', '["FLOSS", ""]', '["Bill will toss the ball to Jill. Will she miss the ball and fall? No. Jill is tall. She will get the ball and pass it off to Bess."]', '[{"url": "https://wordwall.net/embed/c5e9036273294bdc9e389133e2804232?themeId=1&templateId=2", "resource": "https://wordwall.net/resource/3636884", "gameTypeId": "sort"}, {"url": "https://wordwall.net/embed/c07109c2ea5846078b08fce2521e0b53?themeId=42&templateId=70", "resource": "https://wordwall.net/resource/3636879", "gameTypeId": "random"}, {"url": "https://wordwall.net/embed/189d4c2356ec4c7890032c24cc6dbdce?themeId=27&templateId=7", "resource": "https://wordwall.net/resource/3636878", "gameTypeId": "mastery"}, {"url": "https://wordwall.net/embed/2eb57a1f70834414910202899a303a3b?themeId=1&templateId=36", "resource": "https://wordwall.net/resource/4451326", "gameTypeId": "sentences"}, {"url": "https://wordwall.net/embed/be0b9dda0e724894afcb2ab59eba29d4?themeId=1&templateId=47", "resource": "https://wordwall.net/resource/3636876", "gameTypeId": "alien"}, {"url": "https://wordwall.net/embed/3e6e09feb44a4e78be2397e504a6d0ff?themeId=1&templateId=47", "resource": "https://wordwall.net/resource/3636877", "gameTypeId": "word-builder"}, {"url": "https://wordwall.net/embed/eb7a2a73c12843dea327df2c048cbafd?themeId=1&templateId=38", "resource": "https://wordwall.net/resource/3636882", "gameTypeId": "scramble"}, {"url": "https://wordwall.net/embed/cee27223877b4ad9b4bb6b08482b94e2?themeId=1&templateId=3", "resource": "https://wordwall.net/resource/3636880", "gameTypeId": "match"}]', '{"vowel": "a,e,i,o,u", "prefixList": "b,c,d,f,g,h,j,k,l,m,n,p,r,s,t,v,w,y,z", "suffixList": "ff,ll,ss,zz"}', NULL, 1),
	('G07L02', 'ck_endings', '-ck', 'G07', NULL, 'back,lack,pack,rack,sack,tack,yack,deck,kick,pick,sick,tick,wick,dock,hock,jock,lock,mock,rock,sock,duck,luck,tuck', 'Zack,hack,hick,bock,guck,muck,Jack,yack,suck', 'back/lack/sack,jock/lock/rock,pick/sick/tick,deck/peck/neck,luck/buck/duck,tack/rack/yack,hick/lick/wick,sock/dock/mock', '', 'Y', '["-ck", "ck Endings"]', '["Jack will tuck the rock in the sack.", "Yuck! There is muck on the dock.", "Dick is on the back deck with a duck."]', '[{"url": "https://wordwall.net/embed/38600fd592374859b74097b5d99dbfe7?themeId=49&templateId=45", "gameTypeId": "whack-a-mole"}, {"url": "https://wordwall.net/embed/4a27c690099e4d1e8069546733895a2e?themeId=2&templateId=2", "gameTypeId": "sort"}, {"url": "https://wordwall.net/embed/ca363a159d1e4c448c9ba956072cf2e6?themeId=27&templateId=70", "gameTypeId": "random"}, {"url": "https://wordwall.net/embed/62c09d271cf24271a10eda6da957746f?themeId=27&templateId=7", "gameTypeId": "mastery"}, {"url": "https://wordwall.net/embed/a3c5986852b748cab4b6a33c1b0bb678?themeId=1&templateId=36", "gameTypeId": "sentences"}, {"url": "https://wordwall.net/embed/4a27c690099e4d1e8069546733895a2e?themeId=2&templateId=2", "gameTypeId": "match"}, {"url": "https://wordwall.net/embed/51f4f04ce14242b1a1575dded63b5361?themeId=1&templateId=47", "gameTypeId": "alien"}, {"url": "https://wordwall.net/embed/39e27ce42e1c40cc87ef30795e47c046?themeId=1&templateId=47", "gameTypeId": "word-builder"}]', '{"vowel": "a,e,i,o,u", "prefixList": "b,c,d,f,g,h,j,k,l,m,n,p,r,s,t,v,w,y,z", "suffixList": "ck"}', NULL, 2),
	('G07L03', 'sh_th_ch', 'sh + th + ch', 'G07', NULL, 'bash,cash,dash,dish,fish,hush,mash,rash,rush,wish,bath,math,path,with,moth,ash,mash,shut,shop,chip,chat,chin,then,this,that   ', 'lush,posh,hath,Beth,hash,sham,chug,Josh,mesh,mush,moth,lash,chop,shot,thin', 'ca-sh/cash,da-sh/dash,di-sh/dish,wi-sh/wish,hu-sh/hush,mu-sh/mush,ma-th/math,pa-th/path,wi-th/with,sh-op/shop,ch-in/chin,ch-at/chat,th-is/this/th-at/that', '', 'Y', '["sh + th + ch", ""]', '["The dish has a chip in it.", "Beth can rush to the shop.", "I wish we had cash for a dish and this fish."]', '[{"url": "https://wordwall.net/embed/6028c1a041c04639b348e37900813875?themeId=49&templateId=45", "resource": "https://wordwall.net/resource/3645453", "gameTypeId": "whack-a-mole"}, {"url": "https://wordwall.net/embed/8a39fdaaa4be4f24ab4a4362411022a6?themeId=1&templateId=2", "resource": "https://wordwall.net/resource/3645449", "gameTypeId": "Sort"}, {"url": "https://wordwall.net/embed/6a3cfea1a1ca40c68ef48578fd2d7cef?themeId=42&templateId=70", "resource": "https://wordwall.net/resource/3645448", "gameTypeId": "random"}, {"url": "https://wordwall.net/embed/3e964c9baf2c4a1b8d94905c976acf17?themeId=1&templateId=7", "resource": "https://wordwall.net/resource/3645456", "gameTypeId": "mastery"}, {"url": "https://wordwall.net/embed/250316d18f0843069957d7f06ea8baec?themeId=1&templateId=36", "resource": "https://wordwall.net/resource/4462865", "gameTypeId": "Sentences"}, {"url": "https://wordwall.net/embed/66b1e06f471f44ceba1e14d42e39c522?themeId=1&templateId=47", "resource": "https://wordwall.net/resource/3645445", "gameTypeId": "word-builder"}, {"url": "https://wordwall.net/embed/d35ebbb1f0864db89148a93a47c20d24?themeId=23&templateId=47", "resource": "https://wordwall.net/resource/3645442", "gameTypeId": "Alien"}, {"url": "https://wordwall.net/embed/0c2c479941114acf83746626842a3eae?themeId=1&templateId=38", "resource": "https://wordwall.net/resource/3645450", "gameTypeId": "scramble"}, {"url": "https://wordwall.net/embed/6eb8ab60312d4eea8f5ac1f86c604d94?themeId=1&templateId=3", "resource": "https://wordwall.net/resource/3643753", "gameTypeId": "match"}]', '{"vowel": "a,e,i,o,u", "prefixList": "b,c,d,f,g,h,j,k,l,m,n,p,r,s,t,v,w,y,z,ch,sh,th", "suffixList": "m,n,p,s,t,ch,sh,th"}', NULL, 3),
	('G07L04', 's_endings', '-s for cvc', 'G07', NULL, 'cats,rags,maps,fans,pans,rams,pigs,ribs,kids,hills,pins,wins,rims,sobs,logs,cops,pots,pets,nets,legs,rugs,hugs,pups,hums,begs,runs,bells,sells,socks,rocks,ducks,kicks,sacks', 'buds,bugs,huts,jugs,mugs,nuns,nuts,tubs,tugs,bibs,bids,bits,digs,dips,fins,fills,hips,hits,kits,lips,pills,pits,tips,wigs,zips,bats,bags,fads,fans,gaps,hams,hats,mats,pads,rams,rats,vans,dogs,dolls,dots,hogs,hops,jobs,mobs,mops,nods,rods,rots,tops,packs,racks,docks,locks,decks', 'bug/bugs,dig/digs,tip/tips,ham/hams,dot/dots,doll/dolls,top/tops,van/vans,dog/dogs,bat/bats,mug/mugs,pit/pits,hat/hats', '', 'Y', '["-s for cvc", ""]', '["The pigs are in the pens.", "The dogs and cats are fun pets.", "Tim hops on logs with the ducks. "]', '[{"url": "https://wordwall.net/embed/4e856a1e4fff4f06b47fce712680c035?themeId=49&templateId=45", "resource": "https://wordwall.net/resource/3638524", "gameTypeId": "whack-a-mole"}, {"url": "https://wordwall.net/embed/49995f9f319d4d23ba2252017c1e4cc0?themeId=1&templateId=2", "resource": "https://wordwall.net/resource/3638523", "gameTypeId": "Sort"}, {"url": "https://wordwall.net/embed/10ceda90cd2d4e0fb8969923820a4778?themeId=42&templateId=70", "resource": "https://wordwall.net/resource/3638525", "gameTypeId": "random"}, {"url": "https://wordwall.net/embed/11b062c54bbe4c1f9fb43c33576b4f82?themeId=1&templateId=7", "resource": "https://wordwall.net/resource/3638517", "gameTypeId": "mastery"}, {"url": "https://wordwall.net/embed/3546a8c6fce149578375f270bb3e75c2?themeId=1&templateId=36", "resource": "https://wordwall.net/resource/4463436", "gameTypeId": "sentences"}, {"url": "https://wordwall.net/embed/1ca17064e41e4c4aa539be97a1fe444d?themeId=1&templateId=47", "resource": "https://wordwall.net/resource/3638516", "gameTypeId": "word-builder"}, {"url": "https://wordwall.net/embed/c7c782d5de96451abd1fc154ea514f9e?themeId=1&templateId=47", "resource": "https://wordwall.net/resource/3638515", "gameTypeId": "alien"}, {"url": "https://wordwall.net/embed/2c4cad5368f64921844ffd4e2b798a97?themeId=1&templateId=38", "resource": "https://wordwall.net/resource/3638521", "gameTypeId": "scramble"}, {"url": "https://wordwall.net/embed/976a4f3029c1468684ecc79e32273b71?themeId=1&templateId=3", "resource": "https://wordwall.net/resource/3638519", "gameTypeId": "match"}]', '{"vowel": "a,e,i,o,u", "prefixList": "b,c,d,f,g,h,j,k,l,m,n,p,r,s,t,v,w,y,z", "suffixList": "bs,ds,gs,lls,ms,ns,ps,ts"}', NULL, 4),
	('G07L05', 'y_endings', '-y for cvc', 'G07', NULL, 'happy,batty,buggy,sunny,funny,muggy,puppy,kitty,bunny,runny,bitty,witty,giddy,hippy,muddy,buddy,nutty,silly,putty,messy,missy,fuzzy,fizzy,mommy,daddy,penny,foggy,belly', 'saggy,baggy,puffy,jetty,peppy,dizzy,tizzy', 'bat/batty,fun/funny,pup/puppy,dad/daddy,mom/mommy,fizz/fizzy,wit/witty,bud/buddy,mud/muddy,fog/foggy,mess/messy,sun/sunny,fuzz/fuzzy,hip/hippy,run/runny', '', 'Y', '["-y for cvc", ""]', '["Mommy and Daddy are mad.", "Buddy the puppy is messy. ", "He is in the mud.", " He is muddy. "]', '[{"url": "https://wordwall.net/embed/0e8cdc66bcb844598ba83fc094771d91?themeId=49&templateId=45", "resource": "https://wordwall.net/resource/3578919", "gameTypeId": "whack-a-mole"}, {"url": "https://wordwall.net/embed/912ec107399f4b44b8b371dccacaceea?themeId=1&templateId=2", "resource": "https://wordwall.net/resource/3579198", "gameTypeId": "sort"}, {"url": "https://wordwall.net/embed/1e9c4b5b3829488195ab35a25e97ba74?themeId=42&templateId=70", "resource": "https://wordwall.net/resource/3578911", "gameTypeId": "random"}, {"url": "https://wordwall.net/embed/3edfd26f9bf14bbdaf530833dfb6b8a7?themeId=27&templateId=7", "resource": "https://wordwall.net/resource/3578901", "gameTypeId": "mastery"}, {"url": "https://wordwall.net/embed/3001e3c8e79947f89d858406db66c48d?themeId=1&templateId=36", "resource": "https://wordwall.net/resource/4463678", "gameTypeId": "sentences"}, {"url": "https://wordwall.net/embed/45c10cf062c9496880bf1295672de1be?themeId=1&templateId=47", "resource": "https://wordwall.net/resource/3590483", "gameTypeId": "word-builder"}, {"url": "https://wordwall.net/embed/5e04e6818a4a4134824ea3e423b732c6?themeId=23&templateId=47", "resource": "https://wordwall.net/resource/3578894", "gameTypeId": "alien"}, {"url": "https://wordwall.net/embed/6caedf4b51894772a5263c57e6004e1f?themeId=1&templateId=38", "resource": "https://wordwall.net/resource/3578953", "gameTypeId": "scramble"}, {"url": "https://wordwall.net/embed/b398497982a048fda58dc729fabfd7af?themeId=1&templateId=3", "resource": "https://wordwall.net/resource/3578947", "gameTypeId": "match"}]', '{"vowel": "a,e,i,o,u", "prefixList": "b,c,d,f,g,h,j,k,l,m,n,p,r,s,t,v,w,y,z", "suffixList": "ddy,ffy,ggy,lly,nny,ppy,ssy,tty,zzy"}', NULL, 5),
	('G07L06', 'er_est_cvc', '-er and -est for cvc', 'G07', NULL, 'bigger,biggest,fatter,fattest,hotter,hottest,sadder,saddest,dimmer,dimmest,wetter,wettest,seller,letter,better,robber,zipper,dinner,winner', '', 'big/bigger/biggest,fat/fatter/fattest,sad/sadder/saddest,fit/fitter/fittest,dim/dimmer/dimmest,buff/buffer/buffest,mad/madder/maddest,wet/wetter/wettest', '', 'Y', '["-er and -est for cvc", ""]', '["Jim is big.", " Sam is bigger. ", "TIm had a better dinner.", "He is the biggest."]', '[{"url": "https://wordwall.net/embed/6dfa2080d108449f87291d3fc11f1999?themeId=49&templateId=45", "resource": "https://wordwall.net/resource/3598309", "gameTypeId": "whack-a-mole"}, {"url": "https://wordwall.net/embed/fb40a43089b8498c842f29217150b026?themeId=1&templateId=2", "resource": "https://wordwall.net/resource/3598310", "gameTypeId": "sort"}, {"url": "https://wordwall.net/embed/56c9f44abc424f6f8544ef0241016569?themeId=27&templateId=70", "resource": "https://wordwall.net/resource/3598301", "gameTypeId": "random"}, {"url": "https://wordwall.net/embed/cc84d78f9e8540cd9275ea8e35a926ca?themeId=1&templateId=7", "resource": "https://wordwall.net/resource/3598300", "gameTypeId": "mastery"}, {"url": "https://wordwall.net/embed/1dca5252340d4a4d932371e57ba5e425?themeId=1&templateId=36", "resource": "https://wordwall.net/resource/4464052 ", "gameTypeId": "sentences"}, {"url": "https://wordwall.net/embed/e4152c3ff3e340499b9cc3d254c48408?themeId=1&templateId=47", "resource": "https://wordwall.net/resource/3598290", "gameTypeId": "alien"}, {"url": "https://wordwall.net/embed/a2ee9befe65f49f1b388f8d4b75cb422?themeId=1&templateId=47", "resource": "https://wordwall.net/resource/3598294", "gameTypeId": "word-builder"}, {"url": "https://wordwall.net/embed/97b070eb6b29400089e6e772398b68bc?themeId=1&templateId=38", "resource": "https://wordwall.net/resource/3598306", "gameTypeId": "scramble"}, {"url": "https://wordwall.net/embed/63115da0f38b4499b426302faf506e9a?themeId=1&templateId=3", "resource": "https://wordwall.net/resource/3598303", "gameTypeId": "match"}]', '{"vowel": "a,e,i,o,u", "prefixList": "b,d,f,g,h,j,k,l,m,n,p,r,s,t,v,z", "suffixList": "c,k,ck"}', NULL, 6),
	('G07L07', 'ed_ing_cvc', '-ed and -ing for cvc', 'G07', NULL, 'passed,passing,ripped,ripping,missed,missing,nodded,nodding,tossed,tossing,popped,popping,hugged,hugging,hummed,humming,messed,messing,petted,petting,tapped,tapping,robbed,robbing', 'hemmed,hemming,fitted,fitting,lapped,lapping,gagged,gagging,potted,potting,puffed,puffing,fussed,fussing,bagged,bagging', 'rob/robbed/robbing,pass/passed/passing,mess/messed/messing,miss/missed/missing,toss/tossed/tossing,tap/tapped/tapping,rip/ripped/ripping,pet/petted/petting,pop/popped/popping', '', 'Y', '["-ed and -ing for cvc", ""]', '["The silly puppy ripped the rug. ", "He was missing Jan.", " Jan petted him and hugged him."]', '[{"url": "https://wordwall.net/embed/216951f525b54c4a8eed2030d17e647b?themeId=49&templateId=45", "resource": "https://wordwall.net/resource/3642470", "gameTypeId": "whack-a-mole"}, {"url": "https://wordwall.net/embed/0fbc5159b03e4aa8a35e299bf0cd932f?themeId=1&templateId=2", "resource": "https://wordwall.net/resource/3642471", "gameTypeId": "sort"}, {"url": "https://wordwall.net/embed/9702a028a5344bd7beed8e7ee9323ce8?themeId=27&templateId=70", "resource": "https://wordwall.net/resource/3642466", "gameTypeId": "random"}, {"url": "https://wordwall.net/embed/a1b3a229438a4a1a94c172c1f1430c7f?themeId=1&templateId=7", "resource": "https://wordwall.net/resource/3642465", "gameTypeId": "mastery"}, {"url": "https://wordwall.net/embed/91ca04b1a2d04043a8bc09c00c91cc3a?themeId=1&templateId=36", "resource": "https://wordwall.net/resource/4464442", "gameTypeId": "sentences"}, {"url": "https://wordwall.net/embed/7f9785ec3f7141f5a1e463df57c844f1?themeId=1&templateId=47", "resource": "https://wordwall.net/resource/3642464", "gameTypeId": "word-builder"}, {"url": "https://wordwall.net/embed/1a2ef3bd203f4c81a8656e6d9a11c885?themeId=1&templateId=47", "resource": "https://wordwall.net/resource/3642462", "gameTypeId": "alien"}, {"url": "https://wordwall.net/embed/8dcce5a86e4e41ad8cb5c82ca60766d9?themeId=1&templateId=38", "resource": "https://wordwall.net/resource/3642469", "gameTypeId": "scramble"}, {"url": "https://wordwall.net/embed/cd053e7a2d6046659fbdd3a8a3a5c18c?themeId=1&templateId=3", "resource": "https://wordwall.net/resource/3642467", "gameTypeId": "match"}]', '{"vowel": "", "prefixList": "", "suffixList": ""}', NULL, 7),
	('G07L08', 'cvc_syllables', 'cvc syllables', 'G07', NULL, 'sunset,kitten,hidden,bedbug,basket,picnic,helmet,mitten,cactus,napkin,pencil,tennis,magnet,cannot,fabric,mascot,velvet,submit,muffin', 'combat,goblet,musket,catnip,hubcap,mitten,pigpen,happen,nutmeg', 'sun-set/sunset,kit-ten/kitten,bak-ket/basket,pic-nic/picnic,fab-ric/fabric,mag-net/magnet,nap-kin/napkin,hel-met/helmet,sub-mit/submit,cac-tus/cactus,ten-nis/tennis,muf-fin/muffin', '', 'Y', '["cvc syllables", ""]', '["Rabbit and kitten went on a picnic. A bug is in the basket.", " It is hidden by the fabric napkin. "]', '[{"url": "https://wordwall.net/embed/128d3b647d3648659d3e9a7b3dec6135?themeId=49&templateId=45", "resource": "https://wordwall.net/resource/3643757", "gameTypeId": "whack-a-mole"}, {"url": "https://wordwall.net/embed/05801ca734fe42f2a3560cd47d687e58?themeId=1&templateId=2", "resource": "https://wordwall.net/resource/3643758", "gameTypeId": "sort"}, {"url": "https://wordwall.net/embed/a5b658bf769c41efa64bcda44fab4fe7?themeId=42&templateId=70", "resource": "https://wordwall.net/resource/3643752", "gameTypeId": "random"}, {"url": "https://wordwall.net/embed/bb51d3dd68424107b5c1c666fa70e000?themeId=1&templateId=7", "resource": "https://wordwall.net/resource/3643761", "gameTypeId": "mastery"}, {"url": "https://wordwall.net/embed/2ec3d010d7d14817affe14aef9012765?themeId=1&templateId=36", "resource": "https://wordwall.net/resource/4464749", "gameTypeId": "sentences"}, {"url": "https://wordwall.net/embed/a7f663a5edd54bf28bc13f4e3a2b0fb2?themeId=1&templateId=47", "resource": "https://wordwall.net/resource/3643751", "gameTypeId": "word-builder"}, {"url": "https://wordwall.net/embed/dc760987dcfe4a6d9a69a61198ad411c?themeId=23&templateId=47", "resource": "https://wordwall.net/resource/3643750", "gameTypeId": "alien"}, {"url": "https://wordwall.net/embed/d604cea6acc44403a2ab3bda42ec9a61?themeId=1&templateId=38", "resource": "https://wordwall.net/resource/3643755", "gameTypeId": "scramble"}]', '{"vowel": "a,e,i,o,u", "prefixList": "b,d,f,g,h,j,k,l,m,n,p,r,s,t,v,z", "suffixList": "c,k,ck"}', NULL, 8),
	('G08L01', 'a_e', 'a_e', 'G08', NULL, 'hate,mate,wade,tame,tape,fade,made,pane,rage,vane,bake,bale,cage,cake,came,daze,date,fade,fame,fate,game,gate,case,gape', 'haze,lake,late,male,mane,maze,page,pave,rake,rave,safe,sale,same,save,bane,kale,dame,gale,jade,rate,cane', 'hat/hate,mat/mate,tap/tape,mad/made,pan/pane,rat/rate,rag/rage,fat/fate,gap/gape,ban/bane', '', 'Y', '["a_e", "a_e spelling of /ay/ spinner"]', '["Pam will fix the rip on the page with tape.", "I had a date with a dame.", "We went to a baseball game and got a cake from the bake sale."]', '[{"url": "https://wordwall.net/embed/86d109208173438dabc9332a4692389b?themeId=49&templateId=45", "gameTypeId": "whack-a-mole"}, {"url": "https://wordwall.net/embed/354016aab26846e3802c7e60d20d739e?themeId=27&templateId=70", "gameTypeId": "random"}, {"url": "https://wordwall.net/embed/9e672ea77f204347bd51cb69aabeb833?themeId=27&templateId=7", "gameTypeId": "mastery"}, {"url": "https://wordwall.net/embed/9482640e8db8458b9607714cd7bbac23?themeId=1&templateId=36", "gameTypeId": "sentences"}]', '{"vowel": "a", "prefixList": "b,c,d,f,g,h,j,k,l,m,n,p,r,s,t,v,w,y,z", "suffixList": "c,d,f,g,k,l,m,n,p,s,t,v,z"}', NULL, 1),
	('G08L02', 'a_e+a', 'a_e + <sound>a</sound>', 'G08', NULL, 'haze,lake,late,male,mane,maze,page,pave,rake,rave,safe,sale,same,save,bane,kale,dame,gale,jade,rate,cane,face,race,pace,lace', 'hate,mate,wade,tame,tape,fade,made,pane,rage,vane,bake,bale,bane,cage,cake,came,daze,date,fade,fame,fate,game,gate,rat,bag,bad,bass,dab,dad,Dan,fab,fad,fan,fat,fax,gab,gag,gap,gas,had,ham,hat,has,jab,jag,jam,jazz,lab,lag,lap,mad,man,map,mass,mat,max,nab,nag,nap,pad,Pam,pan,pass,pat,ram,ran,rap,rat,sad,sag,Sam,sat,tab,tag,tam,tan,tap,van,vat,wag,wax,zap', 'can/cane,van/vane,lat/late,sam/same,gal/gale,man/mane,cam/came,bad/bade,fad/fade', '', 'Y', '["a_e + /a/", "Contrast a_e /ay/ and a /ah/"]', '["The snake had scales on it.", "He was in a cage this time on the plane.", "Dane ate the ham on the plane.", "He will shake Sam awake from his nap when the plane lands."]', '[{"url": "https://wordwall.net/embed/780e926d7a2245bca87850470da331da?themeId=49&templateId=45", "gameTypeId": "whack-a-mole"}, {"url": "https://wordwall.net/embed/a0a37fd7d3e24f9e9f9264a18a528fbd?themeId=1&templateId=2", "gameTypeId": "sort"}, {"url": "https://wordwall.net/embed/db53848036814e8e89a92e1233589625?themeId=27&templateId=70", "gameTypeId": "random"}, {"url": "https://wordwall.net/embed/92953ce8d29a404cb70fc6bc6b5542d1?themeId=27&templateId=7", "gameTypeId": "mastery"}, {"url": "https://wordwall.net/embed/018265638ca74768b291b6df7e56a0ae?themeId=1&templateId=36", "gameTypeId": "sentences"}]', '{"vowel": "a", "prefixList": "b,c,d,f,g,h,j,k,l,m,n,p,r,s,t,v,w,y,z", "suffixList": "c,d,f,g,k,l,m,n,p,s,t,v,z"}', NULL, 2),
	('G08L03', 'i_e', 'i_e', 'G08', NULL, 'mine,mite,nice,nine,pike,pine,pipe,rice,ride,ripe,rise,side,site,size,tide,tile,time,tire,wide,wife,wine,wipe,wire,wise,bide,bile,dire,jive', 'mime,mire,rile,vile,vibe,vice,dike,hive,Mike,bike,bite,dice,dime,dine,dive,file,fine,fire,five,hide,hike,hire,kite,lice,life,lime,line,mice,mile', 'pin/pine,pip/pipe,rip/ripe,rid/ride,sit/site,Tim/time,win/wine,bid/bide', '', 'Y', '["i_e", "i_e spelling of /igh/"]', '["The kite hit the pine tree and got stuck!", "The kids on the hike went past the fire.", "She had bites from the nine mice and five lice!", "The bike cost nine bucks plus a dime.", "It was a nice ride!"]', '[{"url": "https://wordwall.net/embed/1fe7b1d66b924d94b47a395e145ac12b?themeId=49&templateId=45", "gameTypeId": "whack-a-mole"}, {"url": "https://wordwall.net/embed/2cdff5635e0247b78af6a425d0a89356?themeId=27&templateId=70", "gameTypeId": "random"}, {"url": "https://wordwall.net/embed/03906654c5ae42e0a5b8551a21eb18b5?themeId=27&templateId=7", "gameTypeId": "mastery"}, {"url": "https://wordwall.net/embed/e66e1cc89d6a40ccb8114c0b97d88f47?themeId=1&templateId=36", "gameTypeId": "sentences"}, {"url": "https://wordwall.net/embed/b176459bda214e49a197286eacd0bef3?themeId=1&templateId=3", "gameTypeId": "match"}]', '{"vowel": "a,i", "prefixList": "b,c,d,f,g,h,j,k,l,m,n,p,r,s,t,v,w,y,z", "suffixList": "c,d,f,g,k,l,m,n,p,s,t,v,z"}', NULL, 3),
	('G08L04', 'i_e+i', 'i_e + <sound>i</sound>', 'G08', NULL, 'mime,mire,rile,vile,vibe,vice,dike,hive,Mike,bide,bike,bite,dice,dime,dine,dive,file,fine,fire,five,hide,hike,hire,kite,lice,life,lime,line,mice,mile,jive', 'mine,mite,nice,nine,pike,pine,pipe,rice,ride,ripe,rise,side,site,size,tide,tile,time,tire,wide,wife,wine,wipe,wire,wise,bile,dire,bib,big,bid,Bill,bin,bit,dib,did,dig,dill,din,dim,diss,dip,fib,fin,fig,fill,fit,fix,fizz,gig,gill,hid,hill,him,hip,his,hiss,hit,jib,jig,Jim,jip,kid,kit,kiss,lid,lip,mid,miff,miss,mitt,mix,nip,nit,pill,pin,pit,pig,rib,rid,riff,rig,rim,rip,sid,sill,sin,sip,sis,sit,six,tiff,Tim,till,tin,tip,wig,will,wit,wiz,yip,zig,zip,zit', 'sin/sine,dim/dime,kit/kite,bit/bite,din/dine,hid/hide,win/wine,rip/ripe', '', 'Y', '["i_e + /i/", "Contrast i_e /igh/ and i /ih/"]', '["Mike will bite the lime and smile.", "She will dine on five figs and a glass of wine with Mike.", "The skunk had a white stripe on his back."]', '[{"url": "https://wordwall.net/embed/f6fe45ab2b914b5d80f227bfa709436e?themeId=49&templateId=45", "gameTypeId": "whack-a-mole"}, {"url": "https://wordwall.net/embed/9b2b3d5397f148d494199ec5800d24a9?themeId=49&templateId=45", "gameTypeId": "whack-a-mole"}, {"url": "https://wordwall.net/embed/d0b0eaf326f84e7da3f8e0a4a4dd65b3?themeId=27&templateId=70", "gameTypeId": "random"}, {"url": "https://wordwall.net/embed/5ad3593a944240dc876681968cddb835?themeId=27&templateId=7", "gameTypeId": "mastery"}, {"url": "https://wordwall.net/embed/739f9b28c62e42e993382e24d5361eb5?themeId=1&templateId=36", "gameTypeId": "sentences"}]', '{"vowel": "a,i", "prefixList": "b,c,d,f,g,h,j,k,l,m,n,p,r,s,t,v,w,y,z", "suffixList": "b,c,d,f,g,k,l,m,n,p,r,s,t,v,z"}', NULL, 4),
	('G08L05', 'o_e', 'o_e', 'G08', NULL, 'bone,code,cone,come,dope,dose,doze,hole,home,hope,hose,joke,lobe,lope,mode,mole,mope,node,nope,nose,note,poke', 'pole,pose,robe,rode,role,rope,rose,tone,tote,vote,woke,yoke,zone,dole,dote,hone,hove,mote,pope,rote,rove,vole,wove,sole,coke,cove', 'cod/code,lob/lobe,mod/mode,mop/mope,nod/node,not/note,pop/pope,rod/rode,rot/rote,tot/tote,wok/woke', '', 'Y', '["o_e", "o_e spelling of /oh/"]', '["The mole will poke a hole in the dirt.", "The pope wore a robe.", "He dozed off and got coke on the robe when he awoke.", "The note was more of a joke.", "I hope the hose will squirt and get him wet."]', '[{"url": "https://wordwall.net/embed/8a4dfcbe87664614855fe11fefa8d260?themeId=49&templateId=45", "gameTypeId": "whack-a-mole"}, {"url": "https://wordwall.net/embed/ef48860f5b8e4570ad8fab843c66c7bf?themeId=27&templateId=70", "gameTypeId": "random"}, {"url": "https://wordwall.net/embed/637eb97851024167922e73c1937fb09c?themeId=27&templateId=7", "gameTypeId": "mastery"}, {"url": "https://wordwall.net/embed/4bd5a0343f5040e58e077c79ecfac562?themeId=1&templateId=36", "gameTypeId": "sentences"}]', '{"vowel": "a,i,o", "prefixList": "b,c,d,f,g,h,j,k,l,m,n,p,r,s,t,v,w,y,z", "suffixList": "b,c,d,f,g,k,l,m,n,p,r,s,t,v,z"}', NULL, 5),
	('G08L06', 'o_e+o', 'o_e + <sound>o</sound>', 'G08', NULL, 'pole,pope,pose,robe,rode,role,rope,rose,rote,rove,sole,sore,tone,tote,vole,vote,woke,wove,yoke,zone', 'bone,code,coke,cone,core,cove,dole,come,dope,dose,dote,doze,fore,gore,hole,home,hone,hope,hose,hove,joke,lobe,lope,lore,mode,mole,mope,more,mote,node,nope,nose,note,poke,Bob,bog,boss,bop,box,dog,doff,doll,don,dot,fob,fog,fop,fox,gob,God,got,hog,hop,hot,job,jog,jot,lob,log,lot,loss,mob,mod,mom,moss,mop,nod,non,not,pod,pop,pot,pox,rob,rod,Ron,rot,sob,sod,sop,tom,toss,top,tot', 'cod/code,lob/lobe,mod/mode,mop/mope,nod/node,not/note,pop/pope,rod/rode,rot/rote,tot/tote,wok/woke', '', 'Y', '["o_e + /o/", "Contrast o_e /h/ and o /aw/"]', '[" Jim will ride home on his bike and open the note Jane wrote to him.", "He hopes Jane will go to his home to see the white roses he got on sale for her.", "She will love them."]', '[{"url": "https://wordwall.net/embed/e85188f9766c4c41b9ba789f73e30e4a?themeId=49&templateId=45", "gameTypeId": "whack-a-mole"}, {"url": "https://wordwall.net/embed/8a69c460d4fc40eaa3b010d160266711?themeId=49&templateId=45", "gameTypeId": "whack-a-mole"}, {"url": "https://wordwall.net/embed/82d0313e79da41d880437fd667e15e3f?themeId=27&templateId=70", "gameTypeId": "random"}, {"url": "https://wordwall.net/embed/54bad32c005341b281063622d91cd77b?themeId=27&templateId=7", "gameTypeId": "mastery"}, {"url": "https://wordwall.net/embed/c21de720786445b2ad491b654002d05d?themeId=1&templateId=36", "gameTypeId": "sentences"}]', '{"vowel": "a,i,o", "prefixList": "b,c,d,f,g,h,j,k,l,m,n,p,r,s,t,v,w,y,z", "suffixList": "b,c,d,f,g,k,l,m,n,p,r,s,t,v,z"}', NULL, 6),
	('G08L07', 'u_e', 'u_e', 'G08', NULL, 'cube,cute,dude,duke,dune,dupe,fume,fuse,huge,jute,lube,luge,lute,mule,muse,mute,nuke,puke,rude,rule,tube,tune', '', 'cub/cube,cut/cute,dud/dude,dun/dune,hug/huge,jut/jute,lug/luge,tub/tube', '', 'Y', '["u_e", "u_e spelling of /ue/"]', '["The rude dude had a nuke but the Duke made a truce.", "The fuse to the nuke was sticking out of a tube.", "The dude drove the nuke to the sand dunes and cut the fuse.", "Now he can\'t use it."]', '[{"url": "https://wordwall.net/embed/5d48d7fecb934bfabc65e077115b5a07?themeId=49&templateId=45", "gameTypeId": "whack-a-mole"}, {"url": "https://wordwall.net/embed/3703bc589909455ca071a960ab18159b?themeId=27&templateId=70", "gameTypeId": "random"}, {"url": "https://wordwall.net/embed/5647b2284f0c402fbaed50026722aa8f?themeId=27&templateId=7", "gameTypeId": "mastery"}, {"url": "https://wordwall.net/embed/335c7cca84c3424f8effe9691727afda?themeId=1&templateId=36", "gameTypeId": "sentences"}]', '{"vowel": "a,i,o,u", "prefixList": "b,c,d,f,g,h,j,k,l,m,n,p,r,s,t,v,w,y,z", "suffixList": "b,c,d,f,g,k,l,m,n,p,r,s,t,v,z"}', NULL, 7),
	('G08L08', 'u_e+u', 'u_e + <sound>u</sound>', 'G08', NULL, 'nuke,puke,rude,rule,tube,tune,cube,cute,dude,duke,dune,dupe,fume,fuse,huge,jute,lube,luge,lute,mule,muse,mute', 'bud,buff,bug,bum,bun,but,butt,bus,buzz,dub,dud,duff,dug,dun,fun,fuzz,hub,huff,hull,hug,hut,hum,jug,jut,lug,mud,muff,mug,mum,muss,nub,nun,nut,pub,puff,pug,pun,putt,pup,pus,run,ruff,rug,rut,sub,sum,sun,sup,tub,tug,tut,tux', 'cub/cube,cut/cute,dud/dude,dun/dune,hug/huge,jut/jute,lug/luge,tub/tube', '', 'Y', '["u_e + /u/", "Contrast u_e /ue/ and u /uh/"]', '["Lukeu2019s hut is made of mud and jute.", "He strums his lute and hums a tune.", "June runs to Lukeu2019s hut.", "June hugs Luke, then picks up her flute.", "June and Luke have fun playing tunes."]', '[{"url": "https://wordwall.net/embed/c7cfd4bee3a0427ea94951fd372f31c1?themeId=49&templateId=45", "gameTypeId": "whack-a-mole"}, {"url": "https://wordwall.net/embed/afe798b6a59a4404a67cc5427b07a742?themeId=27&templateId=2", "gameTypeId": "sort"}, {"url": "https://wordwall.net/embed/6f2e471c929e42ecb2d51d40e7a4c69f?themeId=27&templateId=70", "gameTypeId": "random"}, {"url": "https://wordwall.net/embed/cc1ae61374394379b4ca9bb4fa0f7dc8?themeId=27&templateId=7", "gameTypeId": "mastery"}, {"url": "https://wordwall.net/embed/acfdf140846b40e88032053703171da0?themeId=1&templateId=36", "gameTypeId": "sentences"}]', '{"vowel": "a,i,o,u", "prefixList": "b,c,d,f,g,h,j,k,l,m,n,p,r,s,t,v,w,y,z", "suffixList": "b,c,d,f,g,k,l,m,n,p,r,s,t,v,z"}', NULL, 8),
	('G08L09', '?e_syllables', 'cvc + ?_e syllables', 'G08', NULL, 'reptile,mistake,cupcake,pancake,mandate,combine,bonfire,sunshine,divide,confuse,costume,tadpole,vampire,sunrise,nickname,pollute', 'inhale,unmade,inline,inside,escape,umpire,alone,remote,arrive,immune,divide,update', 'rep-tile/reptile,mis-take/mistake,cup-cake/cupcake,pan-cake/pancake,man-date/mandate,com-bine/combine,bon-fire/bonfire,cos-tume/costume,tad-pole/tadpole,vam-pire/vampire,sun-rise/sunrise', '', 'Y', '["cvc + ?_e syllables", ""]', '["The vampire made a mistake. ", "He got up at sunrise.", "He can go inside to escape the sunshine.  "]', '[{"url": "https://wordwall.net/embed/80d6054feb4243cdb388338e1ef7c945?themeId=49&templateId=45", "resource": "https://wordwall.net/resource/3645776", "gameTypeId": "whack-a-mole"}, {"url": "https://wordwall.net/embed/54fc6e1e83a54bd1958b1be69f91035b?themeId=1&templateId=2", "resource": "https://wordwall.net/resource/3645774", "gameTypeId": "sort"}, {"url": "https://wordwall.net/embed/f8da3af332ee409aa27ae81ff4bd3a15?themeId=42&templateId=70", "resource": "https://wordwall.net/resource/3645773 ", "gameTypeId": "random"}, {"url": "https://wordwall.net/embed/b933ae6eaa134515a16005c80aec9127?themeId=23&templateId=47", "resource": "https://wordwall.net/resource/3363305", "gameTypeId": "alien"}, {"url": "https://wordwall.net/embed/4701fc30366e47459692cb55e18cdff6?themeId=1&templateId=7", "resource": "https://wordwall.net/resource/3645780", "gameTypeId": "mastery"}, {"url": "https://wordwall.net/embed/e2ee162d5ea34fe4b2e7309eb79ee469?themeId=1&templateId=36", "resource": "https://wordwall.net/resource/4498068", "gameTypeId": "sentences"}, {"url": "https://wordwall.net/embed/ddc9578416ef41c2adf3c0aba68d1acc?themeId=1&templateId=47", "resource": "https://wordwall.net/resource/3645772", "gameTypeId": "word-builder"}, {"url": "https://wordwall.net/embed/40ee072fd3cb43faa350d5d75e670030?themeId=1&templateId=47", "resource": "https://wordwall.net/resource/3645771", "gameTypeId": "alien"}, {"url": "https://wordwall.net/embed/40c57f563be948608711b9233033a3bd?themeId=1&templateId=38", "resource": "https://wordwall.net/resource/3645775", "gameTypeId": "scramble"}]', '{"vowel": " ", "prefixList": " ", "suffixList": " "}', NULL, 9),
	('G09L01', 'blend_warmup', 'blend warmup', 'G09', NULL, 'bl,cl,fl,gl,pl,sc,sl,sm,sn,sp,st,sw,tw,spl', '', 'b-l/bl,c-l/cl,f-l/fl,g-l/gl,p-l/pl,s-c/sc,s-l/sl,s-m/sm,s-n/sn,s-p/sp,s-t/st,s-w/sw,t-w/tw', '', 'Y', '["blend warmup", "Prefix Blend Warmup"]', '[" ", " ", " "]', '[{"url": "https://wordwall.net/embed/729b267f67f441e596b9d51ab291025f?themeId=49&templateId=45", "gameTypeId": "whack-a-mole"}, {"url": "https://wordwall.net/embed/cf1743c03a6a456b804b27f6f332983d?themeId=27&templateId=70", "gameTypeId": "random"}, {"url": "https://wordwall.net/embed/1d6ee195815c471c9e021c46aa58b673?themeId=27&templateId=7", "gameTypeId": "mastery"}]', '{"vowel": "c,l,m,n,p,t,w", "prefixList": "b,c,f,g,p,s,t", "suffixList": ""}', NULL, 1),
	('G09L02', 'prefix_blends', 'prefix blends', 'G09', NULL, 'black,clap,flax,flat,glass,plan,stab,snap,span,click,flip,glad,quit,quiz,skin,skip,stick,spit,spill,swim,twin,fled,sled,stem,blog,flop,slot,smog,spot,stop,club,plus,stub,club,still', 'clam,clan,flab,flap,glam,scab,slab,slam,slap,swam,snag,spat,scat,blip,clip,flip,flit,glib,snip,slit,slip,slim,spin,split,swig,bled,fled,Greg,shed,glen,pled,swell,blob,blot,clog,clot,flog,plod,plop,plot,slog,smog,snob,snot,plug,plum,snug,smug,slum,scum,stud,snub', 'lack/black,lap/clap,lad/glad,lass/glass,tab/stab,nap/snap,pan/span,lick/click,lip/flip,kin/skin,tick/stick,pit/spit,pill/spill,win/twin,led/fled,log/blog,lot/slot,pot/spot,top/stop', '', 'Y', '["prefix blends", "Prefix Clusters bl, cl, fl, ..."]', '["Greg did slip and snag his pants on a stick.", "The scab bled and he fled to his mom for help.", "His skin will swell but his twin is glad that Greg can still swim."]', '[{"url": "https://wordwall.net/embed/ed441f6d0c584495bd92b25ae2cf71c3?themeId=49&templateId=45", "gameTypeId": "whack-a-mole"}, {"url": "https://wordwall.net/embed/4503a5929b1a4cf7991360b617e1ac1f?themeId=27&templateId=70", "gameTypeId": "random"}, {"url": "https://wordwall.net/embed/656ac0f8ac3a42929e4e2666717719ec?themeId=27&templateId=7", "gameTypeId": "mastery"}, {"url": "https://wordwall.net/embed/6fa15272d45b4951ab99b2877792b790?themeId=1&templateId=36", "gameTypeId": "sentences"}, {"url": "https://wordwall.net/embed/3aa3b9d280fd436a9bff59e46eeba69c?themeId=46&templateId=3", "gameTypeId": "match"}, {"url": "https://wordwall.net/embed/d20461c6ef1744c4be32dddd2c806ac8?themeId=1&templateId=47", "gameTypeId": "alien"}, {"url": "https://wordwall.net/embed/fe2b03ea34b94bf3950a02621278297f?themeId=1&templateId=47", "gameTypeId": "word-builder"}]', '{"vowel": "a,e,i,o,u", "prefixList": "bl,cl,fl,gl,pl,sc,sk,sl,sm,sn,sp,st,sw,tw,spl", "suffixList": "b,ck,d,g,ll,m,n,p,s,ss,t"}', NULL, 2),
	('G09L03', 'suffix_blends', 'suffix blends', 'G09', NULL, 'band,camp,fact,gasp,half,hand,lamp,land,mask,ramp,raft,task,belt,bent,desk,felt,help,melt,rent,sent,text,went,last,best,lost,fast,test,fist,just,disk,film,gift,milk,wind,bomb,fund,hulk,hunt,jump,numb,punt,tusk', 'bump,dump,damp,cask,calf,daft,gash,haft,jamb,lamb,lank,pant,pact,rasp,tact,belt,bend,deft,dent,fend,heft,kelp,kept,lent,meld,mend,pent,tend,vent,welk,wept,cast,mast,past,vast,jest,zest,gist,bust,dust,nest,pest,rest,west,gust,wist,bilk,dint,gilt,kiln,limb,lint,lisp,ritz,sift,tilt,vint,wimp,wisp,dolf,fond,font,bulk,bunt,cult,cusp,duct,dumb,gulf,muck,musk,puck,pulp,lump,rump,sump', 'ban/band,cam/camp,ram/ramp,ben/bent,win/wind,fun/fund,pun/punt,run/runt,bum/bump,sum/sump', '', 'Y', '["suffix blends", "Suffix Clusters"]', '["The calf had a hump on his back.", "The kids will camp in the damp.", "The mast on the raft was bent.", "Kent sent a long text to be a pest."]', '[{"url": "https://wordwall.net/embed/d25cd8e87f0e46819e7ff3056b17eff3?themeId=49&templateId=45", "gameTypeId": "whack-a-mole"}, {"url": "https://wordwall.net/embed/a527fa6f5a4845fd8042a1c9f76d4e3e?themeId=49&templateId=45", "gameTypeId": "whack-a-mole"}, {"url": "https://wordwall.net/embed/00aeb06d58ec499f8099a8fad50eb50f?themeId=27&templateId=70", "gameTypeId": "random"}, {"url": "https://wordwall.net/embed/174c1ab723954c1ba5fc732b2bdde67d?themeId=27&templateId=7", "gameTypeId": "mastery"}, {"url": "https://wordwall.net/embed/aea18f648607479283fcb696edd44cf7?themeId=1&templateId=36", "gameTypeId": "sentences"}, {"url": "https://wordwall.net/embed/17b838938fc441778c615b9eb310ea47?themeId=1&templateId=2", "gameTypeId": "match"}, {"url": "https://wordwall.net/embed/34342015678f4df1a9e8e85ef6ea9923?themeId=23&templateId=47", "gameTypeId": "alien"}, {"url": "https://wordwall.net/embed/8ebddf3087a646c39c84840133dbc5cd?themeId=1&templateId=47", "gameTypeId": "word-builder"}]', '{"vowel": "a,e,i,o,u", "prefixList": "b,c,d,f,g,h,j,k,l,m,n,p,r,s,t,v,w,y", "suffixList": "ck,ct,ft,lf,lk,lp,mb,mp,nd,ng,nk,nt,pt,sh,sk,sp,st"}', NULL, 3),
	('G09L04', 'blends_s', 'suffix blends + s', 'G09', NULL, 'bands,camps,facts,hands,lambs,masks,pants,tasks,bends,dents,desks,helps,melts,rents,vents,films,gifts,gives,gasps,tilts,docks,socks,bumps,dusts,gusts,hunts,jumps,punts,tusks,casts', 'casks,hacks,lamps,lands,masts,pacts,ramps,rafts,rasps,belts,debts,jests,melds,mends,nests,pests,rests,tests,texts,disks,fists,kilns,limbs,lisps,sifts,wimps,winds,wisps,bombs,fonts,hocks,jocks,mocks,romps,bucks,bulks,bunts,busts,busks,cults,ducks,ducts,dumps,funds,gulfs,hulks,humps,lucks,lumps,mucks,musks,numbs,pulps,rumps', 'camp/camps,lamp/lamps,raft/rafts,bomb/bombs,rest/rests,mend/mends,nest/nests,belt/belts,text/texts,fist/fists,wind/winds,land/lands', '', 'Y', '["suffix blends + s", "Suffix Clusters with s"]', '["The king did sing a song.", "Then he rang the gong.", "DIng dong. DIng dong."]', '[{"url": "https://wordwall.net/embed/f4976c790d65489390cfa44541ae381e?themeId=49&templateId=45", "gameTypeId": "whack-a-mole"}, {"url": "https://wordwall.net/embed/1d56351d70774137b8f772366025a24a?themeId=49&templateId=45", "gameTypeId": "whack-a-mole"}, {"url": "https://wordwall.net/embed/f043965906fa4ad4907e7610f677f54a?themeId=27&templateId=70", "gameTypeId": "random"}, {"url": "https://wordwall.net/embed/f0f5a99bf8c44b3596f2fe5c0b5a059d?themeId=27&templateId=7", "gameTypeId": "mastery"}, {"url": "https://wordwall.net/embed/03d6f98a85e54539b7a95c523be242c7?themeId=1&templateId=36", "gameTypeId": "sentences"}, {"url": "https://wordwall.net/embed/6e536b0f92d94bfb9daa0df4e294eead?themeId=23&templateId=47", "gameTypeId": "alien"}, {"url": "https://wordwall.net/embed/0871deccf05b4f809701b63ff106eea1?themeId=4&templateId=47", "gameTypeId": "word-builder"}]', '{"vowel": "a,e,i,o,u", "prefixList": "b,c,d,f,g,h,j,k,l,m,n,p,r,s,t,v,w,y", "suffixList": "cks,cts,fts,lfs,lks,lp,mbs,mps,nds,nts,pts,sks,sps,sts"}', NULL, 4),
	('G09L05', 'ng', '-ng', 'G09', NULL, 'bang,bing,bong,ding,dung,fang,gang,gong,hang,hung,king,long,mung,ping,pong,rang,ring,rung,sang,sing,song,sung,wing,zing', '', 'ring/ping/king,rung/sung/hung,rang/sang/tang,song/pong/gong,zing/wing/sing,fang/gang/bang', '', 'Y', '["-ng", ""]', '["The king did sing a song.", "Then he rang the gong.", "Ding dong. Ding dong."]', '[{"url": "https://wordwall.net/embed/700fc32880604290981b5ca98e87903a?themeId=49&templateId=45", "resource": "https://wordwall.net/resource/3653469", "gameTypeId": "whack-a-mole"}, {"url": "https://wordwall.net/embed/8d4700636a814926916f91b966e9f8be?themeId=1&templateId=2", "resource": "https://wordwall.net/resource/3646231", "gameTypeId": "Sort"}, {"url": "https://wordwall.net/embed/08831e21c9064c51937e5a3d00dda3a2?themeId=42&templateId=70", "resource": "https://wordwall.net/resource/3646233", "gameTypeId": "random"}, {"url": "https://wordwall.net/embed/62f4a94a0c384ff8bf1bd26913efa6b8?themeId=1&templateId=7", "resource": "https://wordwall.net/resource/3646219", "gameTypeId": "mastery"}, {"url": "https://wordwall.net/embed/0a436fac215142fa82aba8c36fb89ae8?themeId=1&templateId=36", "resource": "https://wordwall.net/resource/4466028", "gameTypeId": "sentences"}, {"url": "https://wordwall.net/embed/235be1573afc406da9a7e0563be71a2c?themeId=1&templateId=47", "resource": "https://wordwall.net/resource/3646220", "gameTypeId": "word-builder"}, {"url": "https://wordwall.net/embed/24d926c76ad74b398cbd7cb160ec4a31?themeId=23&templateId=47", "resource": "https://wordwall.net/resource/2763480", "gameTypeId": "alien"}, {"url": "https://wordwall.net/embed/c780296ce8fd49a5a7997e999ade4392?themeId=1&templateId=38", "resource": "https://wordwall.net/resource/3646218", "gameTypeId": "scramble"}, {"url": "https://wordwall.net/embed/a2da4c631988433d832fe56629d03912?themeId=1&templateId=3", "resource": "https://wordwall.net/resource/3651623", "gameTypeId": "match"}]', '{"vowel": "a,e,i,o,u", "prefixList": "b,d,f,g,h,j,k,l,m,n,p,r,s,t,v,w,y", "suffixList": "ng"}', NULL, 5),
	('G09L06', 'nk', '-nk', 'G09', NULL, 'bank,bonk,bunk,dank,dunk,fink,funk,hank,junk,link,mink,monk,pink,punk,rank,rink,sank,sink,sunk,tank,yank,ink', '', 'bank/sank/tank,rink/wink/pink,yank/thank/rank,sink/link/mink,bunk/dunk/funk,gunk/hunk/junk', '', 'Y', '["-nk", ""]', '["Sam is a punk.", "He put the pink piggy bank in the fish tank.", "It sank and he cannot yank it back up."]', '[{"url": "https://wordwall.net/embed/bfc58c4169cb4580895d178c1da8b159?themeId=49&templateId=45", "resource": "https://wordwall.net/resource/3654118", "gameTypeId": "whack-a-mole"}, {"url": "https://wordwall.net/embed/feb92d86a8b44455b8b7f71e3c8b71e0?themeId=1&templateId=2", "resource": "https://wordwall.net/resource/3654130", "gameTypeId": "Sort"}, {"url": "https://wordwall.net/embed/3ecc71429aa84a83a315e74d7eda0bc6?themeId=42&templateId=70", "resource": "https://wordwall.net/resource/3654128", "gameTypeId": "random"}, {"url": "https://wordwall.net/embed/fd54c97af8274482b0ef9ac13df6d7fa?themeId=1&templateId=7", "resource": "https://wordwall.net/resource/3654125", "gameTypeId": "mastery"}, {"url": "https://wordwall.net/embed/cf011f19568840de9ac8de905101cac8?themeId=1&templateId=36", "resource": "https://wordwall.net/resource/4466505", "gameTypeId": "sentences"}, {"url": "https://wordwall.net/embed/391d30124ea1433ab574e0221dcc193c?themeId=1&templateId=47", "resource": "https://wordwall.net/resource/3654126", "gameTypeId": "word-builder"}, {"url": "https://wordwall.net/embed/d6678370110c412bbbb1c7e2ec7345ff?themeId=23&templateId=47", "resource": "https://wordwall.net/resource/3654122", "gameTypeId": "alien"}, {"url": "https://wordwall.net/embed/2e158c4b6c7d462280d72530b92b4bb7?themeId=1&templateId=38", "resource": "https://wordwall.net/resource/3654123", "gameTypeId": "scramble"}, {"url": "https://wordwall.net/embed/966b050b87914f4f9beb688069b05012?themeId=1&templateId=3", "resource": "https://wordwall.net/resource/3654120", "gameTypeId": "match"}]', '{"vowel": "a,e,i,o,u", "prefixList": "b,d,f,g,h,j,k,l,m,n,p,r,s,t,v,w,y", "suffixList": "nk"}', NULL, 6),
	('G09L07', 'ngs+nks', '-ngs + -nks', 'G09', NULL, 'bangs,dings,fangs,gangs,hangs,kings,rings,sings,songs,wings,banks,bonks,bunks,dunks,junks,links,monks,punks,ranks,rinks,sinks,tanks', 'yanks,bongs,pings,rungs,finks,minks', 'rings/rungs,rinks/ranks,dings/dongs,bonks/bunks,monks/minks,bunks/banks,sings/songs', '', 'Y', '["-ngs + -nks", "Suffix Digraphs ngs, nks"]', '["The monks sang songs to punks in the gangs.", "Jack bangs the rings and they ding and dong.", "Jill dunks the dish in the sink and bonks her arm."]', '[{"url": "https://wordwall.net/embed/9ca6d052c5784524a9fd2b1fc35b0f0c?themeId=49&templateId=45", "gameTypeId": "whack-a-mole"}, {"url": "https://wordwall.net/embed/397a34180c8b49ff9b00991387f1ebea?themeId=27&templateId=70", "gameTypeId": "random"}, {"url": "https://wordwall.net/embed/76950c8ed2d146c982a5b98d8d47bf59?themeId=27&templateId=7", "gameTypeId": "mastery"}, {"url": "https://wordwall.net/embed/b6416f7205844872b42e76ff0a245e68?themeId=41&templateId=3", "gameTypeId": "match"}, {"url": "https://wordwall.net/embed/254373e78218418fb8836e8e0fc0547c?themeId=1&templateId=36", "gameTypeId": "sentences"}, {"url": "https://wordwall.net/embed/3228f29049df46b8a2337e89f7b29967?themeId=1&templateId=1", "gameTypeId": "say"}, {"url": "https://wordwall.net/embed/2fddc13146b74e13a0d341576c3bdb1b?themeId=23&templateId=47", "gameTypeId": "alien"}, {"url": "https://wordwall.net/embed/0757e46b96b141b782ecbab7948e372c?themeId=4&templateId=47", "gameTypeId": "word-builder"}]', '{"vowel": "a,e,i,o,u", "prefixList": "b,d,f,g,h,j,k,l,m,n,p,r,s,t,v,w,y", "suffixList": "ngs,nks"}', NULL, 7),
	('G09L08', 'r_control_pref', 'r-controlled prefixes', 'G09', NULL, 'brag,crab,crack,grab,track,trap,drip,strip,trip,press,shred,dress,crop,drop,broth,brush,drum,truck,trust,scrub,brat,bran,cram,drug,drag,drab,drat,gram,sprat,scrim,scruff,track,trash,crash', 'tram,brim,crib,frill,grip,grim,grin,prim,prick,trim,bred,fret,prep,trek,frock,grog,prod,prom,trot,crud,crush,grub,shrug ', 'rag/brag,rack/crack,rap/trap,rip/drip,rum/drum,rust/trust,ram/cram,rug/drug,rag/drag,rash/crash,rib/crib,rim/trim,red/bred', '', 'Y', '["r-controlled prefixes", "r-Controlled prefixes br, cr, fr, ..."]', '["The rat on the rug has a rag on his rib.", "The ref will run and tap the rim.", "Jack will ram the red rock and rap it with a rod."]', '[{"url": "https://wordwall.net/embed/b75df1e225214059a577ba88e96373b3?themeId=49&templateId=45", "gameTypeId": "whack-a-mole"}, {"url": "https://wordwall.net/embed/95885f5eee3044d58b85c116b511de4e?themeId=49&templateId=45", "gameTypeId": "whack-a-mole"}, {"url": "https://wordwall.net/embed/cb8d6022f270405f8bf9b1594f08230b?themeId=27&templateId=70", "gameTypeId": "random"}, {"url": "https://wordwall.net/embed/fc47e5fc18c84e04a45fc22f3d720fc1?themeId=27&templateId=7", "gameTypeId": "mastery"}, {"url": "https://wordwall.net/embed/ffc75569269749589d70ddd20e483f4d?themeId=1&templateId=36", "gameTypeId": "sentences"}, {"url": "https://wordwall.net/embed/d624970ffcf04c659f04c55ea8ac7696?themeId=23&templateId=47", "gameTypeId": "alien"}, {"url": "https://wordwall.net/embed/350d51fba9ab420cb3548aececd45894?themeId=4&templateId=47", "gameTypeId": "word-builder"}]', '{"vowel": "a,e,i,o,u", "prefixList": "b,br,d,dr,f,fr,g,gr,p,pr,sc,scr,sp,spr,st,str,sh,shr,t,tr", "suffixList": "b,ck,d,ff,g,ll,m,n,p,ss,sh,t"}', NULL, 8),
	('G09L09', 'digraph blends', 'digraph blends', 'G09', NULL, 'quit,quick,quack,quill,quip,quad,smith,squad,that,then,thick,thrush,whack,whiz,chin,check,chop,chest,chat,chill,chip,chap,chick,chock,chuck,thin,thump,them,throb,thrill,shush,shrub,shrill', 'with,whim,whip,shrug,this,thin,with,shod,shot,shop,sham,shut,ship,shin,chum', 'qu-it/quit,th-ick/thick,wh-iz/whiz,ch-in/chin,th-em/them,qu-ick/quick,th-at/that,wh-ack/whack,ch-ick/chick', '', 'Y', '["digraph blends", "Digraphs in Prefix"]', '["The rat on the rug has a rag on his rib.", "The ref will run and tap the rim.", "Jack will ram the red rock and rap it with a rod."]', '[{"url": "https://wordwall.net/embed/b75df1e225214059a577ba88e96373b3?themeId=49&templateId=45", "gameTypeId": "whack-a-mole"}, {"url": "https://wordwall.net/embed/95885f5eee3044d58b85c116b511de4e?themeId=49&templateId=45", "gameTypeId": "whack-a-mole"}, {"url": "https://wordwall.net/embed/cb8d6022f270405f8bf9b1594f08230b?themeId=27&templateId=70", "gameTypeId": "random"}, {"url": "https://wordwall.net/embed/fc47e5fc18c84e04a45fc22f3d720fc1?themeId=27&templateId=7", "gameTypeId": "mastery"}, {"url": "https://wordwall.net/embed/ffc75569269749589d70ddd20e483f4d?themeId=1&templateId=36", "gameTypeId": "sentences"}, {"url": "https://wordwall.net/embed/d624970ffcf04c659f04c55ea8ac7696?themeId=23&templateId=47", "gameTypeId": "alien"}, {"url": "https://wordwall.net/embed/350d51fba9ab420cb3548aececd45894?themeId=4&templateId=47", "gameTypeId": "word-builder"}]', '{"vowel": "a,e,i,o,u", "prefixList": "ch,sh,th,wh,qu", "suffixList": "b,ck,d,g,ll,m,n,p,sh,t,th,z"}', NULL, 9),
	('G09L10', 'prefix+suffix', 'prefix + suffix blends', 'G09', NULL, 'blast,clasp,flash,grand,plant,snack,stamp,stand,splash,blunt,clump,plump,stump,stung,flint,slick,stick,splint,click,clock,stock,slept,spent,swept,tramp,crept,trust,brunch,trump,crumb,shrimp,quilt', 'grunt,bland,clash,gland,scalp,scamp,smack,stash,swath,blush,pluck,plumb,plush,slump,slush,stuck,blimp,flick,glint,glitz,block,flock,smock,cleft,smelt,speck,blend,tramp,sprint,crept,trend,frost,prompt,trust,trump,brunch,crumb,spritz,crest,Brent,front,frond,grunt,sloth,slosh,flush,crush,blush,plush', 'land/bland,runt/grunt,lash/flash,last/blast,lump/clump,lock/clock,wept/swept,rust/trust,rush/crush,limp/blimp', '', 'Y', '["prefix + suffix blends", "Prefix and suffix clusters"]', '["The flock will land in a clump and splash.", "The plump skunk slept on the plank.", "Next he will snack on the grubs, nuts and plants, and then he will smack his lips."]', '[{"url": "https://wordwall.net/embed/ef597f22a32444a1b3b6948d0582af4e?themeId=49&templateId=45", "gameTypeId": "whack-a-mole"}, {"url": "https://wordwall.net/embed/86598e7622ce448fadced6ce712519d5?themeId=49&templateId=45", "gameTypeId": "whack-a-mole"}, {"url": "https://wordwall.net/embed/91095c4833344ab1ae3df14add7cad2e?themeId=27&templateId=70", "gameTypeId": "random"}, {"url": "https://wordwall.net/embed/0b8a76ae609741449d1e1cec7cb23103?themeId=27&templateId=7", "gameTypeId": "mastery"}, {"url": "https://wordwall.net/embed/dd85d747d0324b51823e45353c5072fe?themeId=1&templateId=36", "gameTypeId": "sentences"}, {"url": "https://wordwall.net/embed/ddf6a46ddb414892975902c03c476f45?themeId=23&templateId=47", "gameTypeId": "alien"}, {"url": "https://wordwall.net/embed/98b2c314c9124196950203de13b79d5e?themeId=4&templateId=47", "gameTypeId": "word-builder"}]', '{"vowel": "a,e,i,o,u", "prefixList": "bl,br,cl,cr,dr,fl,fr,gl,gr,pr,sc,scr,shr,sk,sm,sn,spl,spr,st,str,tr,tw", "suffixList": "ch,ck,ct,ft.lf,lk,lp,mb,mp,nd,ng,nk,nt,pt,sh,sk,sp,st"}', NULL, 10),
	('G09L11', 'r_control_blend', 'r-controlled blends', 'G09', NULL, 'car,for,fir,her,dark,fork,word,fur,work,north,herd,firm,form,torn,darn,cart,part,harp,burn,hurt,turn,fern,star,spark,shark,stir,shirt,short,birth,dirt,girl,first,start,bird,march,card,church,third,skirt,swirl', 'bar,far,char,jar,mar,par,tar,war,nor,hark,lark,cork,dork,pork,lord,ford,forth,worth,perm,dorm,norm,mart,tart,carp,stark,stork,chart,hard,barn,arm,dart,art,worm,whirl,tarp,born,worn,bark,mark,park,per,yarn', 'car/card,her/herd,for/form,par/part,for/fork,bar/barn,far/farm,tar/tart,fir/firm', '', 'Y', '["r-controlled blends", ""]', '["We have worked hard taking the dirt back and forth.", "Can we go to the park before dark?", "The car is parked far away.", "It is in the barn at the farm."]', '[{"url": "https://wordwall.net/embed/9794f8817b6c4eb2b9b7bff250a0e6aa?themeId=49&templateId=45", "resource": "https://wordwall.net/resource/3685251", "gameTypeId": "whack-a-mole"}, {"url": "https://wordwall.net/embed/070fe70365e548a59a176fedf0567023?themeId=42&templateId=70", "resource": "https://wordwall.net/resource/3685247", "gameTypeId": "random"}, {"url": "https://wordwall.net/embed/74a8332864a641a8a15afc8a8f7160a2?themeId=1&templateId=7", "resource": "https://wordwall.net/resource/3685245", "gameTypeId": "mastery"}, {"url": "https://wordwall.net/embed/26e2ad563ae249c2821434df122c63f1?themeId=1&templateId=36", "resource": "https://wordwall.net/resource/4466749", "gameTypeId": "sentences"}, {"url": "https://wordwall.net/embed/54d7593c69ff4190ad1b91cbfd008696?themeId=1&templateId=47", "resource": "https://wordwall.net/resource/3685246", "gameTypeId": "word-builder"}, {"url": "https://wordwall.net/embed/0f774c3ed4e74597a96d792ce22668b9?themeId=23&templateId=47", "resource": "https://wordwall.net/resource/3685242", "gameTypeId": "alien"}, {"url": "https://wordwall.net/embed/d907a0deee2b4888a2dd3386e0c8e537?themeId=1&templateId=38", "resource": "https://wordwall.net/resource/3685243", "gameTypeId": "scramble"}, {"url": "https://wordwall.net/embed/25c1e876557a461097dc977da124eabc?themeId=1&templateId=3", "resource": "https://wordwall.net/resource/3685250", "gameTypeId": "match"}]', '{"vowel": "ar,er,ir,or,ur", "prefixList": "b,c,d,f,g,h,j,l,m,n,p,s,st,t,w,y,ch,th", "suffixList": "d,k,l,m,n,p,st,t,th"}', NULL, 11),
	('G09L12', 'kn+gn+wr', 'kn + gn + wr', 'G09', NULL, 'knot,knit,knack,knave,knee,knew,knight,knob,knock,know,gnat,gnaw,gnash,gnarl,gnome,gnu,wrack,wrap,wring,writ,wretch,wren,wrest,wrung', '', 'not/knot,new/knew,night/knight,rack/wrack,ring/wring,rest/wrest,rung/wrung,rap/wrap', '', 'Y', '["kn + gn + wr", "Silent Prefix Clusters kn-, gn-, wr- ..."]', '["The knight knit knee socks for the gnome.", "He had a knack for knitting and tying knots.", "I know the knave will knock on the door with a wrench."]', '[{"url": "https://wordwall.net/embed/2b602b3b40d74c9993eaaab4eb6f7d42?themeId=27&templateId=70", "gameTypeId": "random"}, {"url": "https://wordwall.net/embed/c8b8aa189ad947b4b8dd99fa472e41e7?themeId=27&templateId=7", "gameTypeId": "mastery"}, {"url": "https://wordwall.net/embed/911558b4ad2242a996d3604400705d5a?themeId=1&templateId=36", "gameTypeId": "sentences"}, {"url": "https://wordwall.net/embed/1cf2d03d224b475080afa2b9733aacb6?themeId=23&templateId=47", "gameTypeId": "alien"}, {"url": "https://wordwall.net/embed/14856241cb2d4e51b88ed557c41e9d0c?themeId=4&templateId=47", "gameTypeId": "word-builder"}]', '{"vowel": "a,e,i,o,u", "prefixList": "n,kn,gn,r,wr", "suffixList": "ck,ct,ft,lf,lk,lp,mb,mp,nd,ng,nk,nt,pt,sh,sk,sp,st"}', NULL, 12),
	('G10L01', 'a_e_harder', 'a_e harder', 'G10', NULL, 'brave,crate,craze,flame,frame,glade,glaze,grate,grave,graze,place,plane,plate,scale,scrape,blade,blame,brake,shale,stale,shade,shake,shame,slate,slave,snake,spade,stage,state,trade,whale', 'rate,cane,bane,hate,mate,wade,tame,tape,fade,made,pane,rage,vane,bake,bale,bane,cage,cake,came,dame,daze,date,fade,fame,fate,gale,game,gate,haze,jade,kale,lake,late,male,mane,maze,page,pave,rake,rave,safe,sale,same,save', 'ate/cr-ate/crate,ame/fl-ame/flame,ate/pl-ate/plate,ake/sh-ake/shake,age/st-age/stage,ale/wh-ale/whale,ace/pl-ace/place,ade/bl-ade/blade,ate/st-ate/state,ape/scr-ape/scrape', '', 'Y', '["a_e harder", "a_e spelling of /ay/ harder"]', '["He will blame the plane crash on the snake.", "It came in from the grate.", "The plane went down in flames."]', '[{"url": "https://wordwall.net/embed/a2ad304094ef448c83f31485843234d7?themeId=49&templateId=45", "gameTypeId": "whack-a-mole"}, {"url": "https://wordwall.net/embed/547e4d24f2084a43acaeb2ccb34e6b66?themeId=27&templateId=70", "gameTypeId": "random"}, {"url": "https://wordwall.net/embed/6b66bdf4e1c74e8aa6cf8a3297898959?themeId=27&templateId=7", "gameTypeId": "mastery"}, {"url": "https://wordwall.net/embed/4f242ebf893c4d31a81de7f153084fa0?themeId=1&templateId=36", "gameTypeId": "sentences"}]', '{"vowel": "a", "prefixList": "bl,br,cl,cr,dr,fl,fr,gl,gr,pr,sc,scr,sk,sn,spl,spr,st,str,tr,tw", "suffixList": "b,c,d,f,g,k,l,m,n,p,s,t,v,z"}', NULL, 1),
	('G10L02', 'a_e_review', 'a_e review', 'G10', NULL, 'shale,stale,shade,shake,shame,slate,slave,snake,spade,stage,state,trade,whale,blade,blame,brake,brave,crate,craze,flame,frame,glade,glaze,grate,grave,graze,place,plane,plate,scale,scrape', 'rate,cane,bane,hate,mate,wade,tame,tape,fade,made,pane,rage,vane,bake,bale,bane,cage,cake,came,dame,daze,date,fade,fame,fate,gale,game,gate,haze,jade,kale,lake,late,male,mane,maze,page,pave,rake,rave,safe,sale,same,save,slat,shad,sham,slat,snack,stag,stat,glad,plan,scrap,brat,plat,trap,pram,gran,bat,bag,bad,bass,dab,dad,Dan,fab,fad,fan,fat,fax,gab,gag,gap,gas,had,ham,hat,has,jab,jag,jam,jazz,lab,lag,lap,mad,man,map,mass,mat,max,nab,nag,nap,pad,Pam,pan,pass,pat,ram,ran,rap,rat,sad,sag,Sam,sat,tab,tag,tam,tan,tap,van,vat,wag,wax,zap', 'plat/plate,slat/slate,stat/state,glad/glade,plan/plane,scrap/scrape,sham/shame,stag/stage', '', 'Y', '["a_e review", "a_e spelling of /ay/ mixed"]', '["The plate had a big cake with a glaze on it. It is stale.", "What a shame.", "Blake\'s mom will blame him for it."]', '[{"url": "https://wordwall.net/embed/0488407ae2b44c9dbf5113becc0a1a24?themeId=42&templateId=70", "gameTypeId": "random"}, {"url": "https://wordwall.net/embed/87da5f0e16a84bc5a0a92fbe9b6baebf?themeId=1&templateId=7", "gameTypeId": "mastery"}, {"url": "https://wordwall.net/embed/9bf0cf6de87f472dab57f3991a7093ec?themeId=1&templateId=36", "gameTypeId": "sentences"}]', '{"vowel": "a", "prefixList": "b,bl,br,c,cl,cr,d,dr,f,fl,fr,g,gl,gr,h,j,k,l,m,n,p,pr,r,s,sc,scr,sk,sn,spl,spr,st,str,t,tr,tw,v,w,y,z", "suffixList": "b,c,d,f,g,k,l,m,n,p,r,s,t,v,x,z"}', NULL, 2),
	('G10L03', 'i_e_harder', 'i_e harder', 'G10', NULL, 'bribe,bride,chime,chive,drive,glide,gripe,pride,prize,shine,shire,shine,slice,slide,slime,smile,spice,spike,spine,spire,spite,stile,tribe,trike', 'twine,whine,white,write,shrine,sprite,stride,strife,strike,stripe,strive,thrive,brine,chide,smite,snide,snipe,tripe,trite,bide,bike,bile,bite,cite,dice,dike,dime,dine,dire,dive,file,fine,fire,five,hide,hike,hire,hive,jive,kite,lice,life,lime,line,mice,Mike,mile,mime,mine,mire,mite,nice,nine,pike,pine,pipe,rice,ride,rile,ripe,rise,side,site,size,tide,tile,time,tire,vibe,vice,vile,wide,wife,wine,wipe,wire,wise', 'ide/br-ide/bride,ipe/gr-ipe/gripe,ite/sp-ite/spite,ine/sp-ine/spine,ice/sp-ice/spice,ile/sm-ile/smile,ine/sh-ine/shine,ide/sl-ide/slide,ime/gr-ime/grime', '', 'Y', '["i_e harder", "Contrast a_e and i_e"]', '["Nate ate the whale on the white plate.", "He will be brave and scrape his plate clean!", "Jane will glide by the glade on her bike and not brake.", "Pam will shine on the stage."]', '[{"url": "https://wordwall.net/embed/8c4396a6ae434f5da8983a582813741b?themeId=49&templateId=45", "gameTypeId": "whack-a-mole"}, {"url": "https://wordwall.net/embed/392441de21cd4ca0b120179d15dcb7fe?themeId=27&templateId=70", "gameTypeId": "random"}, {"url": "https://wordwall.net/embed/54639b237f794c6cb75dbb9c1977272e?themeId=1&templateId=7", "gameTypeId": "mastery"}, {"url": "https://wordwall.net/embed/5e091f411ea94491ae45f6ac08c2cdae?themeId=1&templateId=36", "gameTypeId": "sentences"}]', '{"vowel": "a,i", "prefixList": "b,bl,br,c,ch,cl,cr,d,dr,f,fl,fr,g,gl,h,j,l,m,n,p,ph,pr,r,s,sc,scr,sk,sn,spl,spr,st,str,t,tr,tw,v,w,y,z", "suffixList": "b,c,d,f,g,k,l,m,n,p,r,s,t,v,x,z"}', NULL, 3),
	('G10L04', 'i_e_mixed', 'i_e mixed', 'G10', NULL, 'twine,whine,white,write,shrine,sprite,stride,strife,strike,stripe,strive,thrive,brine,chide,smite,snide,snipe,tripe,trite  ', 'bribe,bride,chime,chive,drive,glide,gripe,pride,prize,shine,shire,shine,slice,slide,slime,smile,spice,spike,spine,spire,spite,stile,tribe,trike,snip,spit,spin,still,trick,trip,twin,win,wit,strip,big,bid,bin,bitdid,dig,dill,dim,diss,dip,fib,fin,fig,fill,fit,fix,fizz,gig,hid,hill,him,hip,his,hiss,hit,jig,kid,kit,kiss,lid,lip,mid,miff,miss,mitt,mix,nip,nit,pill,pin,pit,pig,rib,rid,riff,rig,rim,rip,sid,sill,sin,sip,sis,sit,six,till,tin,tip,wig,will,wit,wiz,yip,zig,zip,zit', 'twin/twine,writ/write,strip/stripe,slid/slide,trip/tripe,shin/shine,spit/spite,grip/gripe', '', 'Y', '["i_e mixed", "a_e spelling of /ay/ mixed"]', '["The plate had a big cake with a glaze on it. It is stale.", "What a shame.", "Blake\'s mom will blame him for it."]', '[{"url": "https://wordwall.net/embed/0488407ae2b44c9dbf5113becc0a1a24?themeId=42&templateId=70", "gameTypeId": "random"}, {"url": "https://wordwall.net/embed/87da5f0e16a84bc5a0a92fbe9b6baebf?themeId=1&templateId=7", "gameTypeId": "mastery"}, {"url": "https://wordwall.net/embed/9bf0cf6de87f472dab57f3991a7093ec?themeId=1&templateId=36", "gameTypeId": "sentences"}]', '{"vowel": "a,i", "prefixList": "b,bl,br,c,ch,cl,cr,d,dr,f,fl,fr,g,gl,h,j,l,m,n,p,ph,pr,r,s,sc,scr,sk,sn,spl,spr,st,str,t,tr,tw,v,w,y,z", "suffixList": "b,c,d,f,g,k,l,m,n,p,r,s,t,v,x,z"}', NULL, 4),
	('G10L05', 'i_e_review', 'i_e review', 'G10', NULL, 'bribe,bride,chime,chive,drive,glide,gripe,pride,prize,shine,shire,shine,slice,slide,slime,smile,spice,spike,spine,spire,spite,stile,tribe,trike,twine,whine,white,write,shrine,sprite,stride,strife,strike,stripe,strive,thrive,brine,chide,smite,snide,snipe,tripe,trite', 'shale,stale,shade,shake,shame,slate,slave,snake,spade,stage,state,trade,whale,blade,blame,brake,brave,crate,craze,flame,frame,glade,glaze,grate,grave,graze,place,plane,plate,scale,scrape', 'kite/Kate,Mike/make,wide/wade,pine/pane,five/fave,lime/lame,pile/pale', '', 'Y', '["i_e review", "Contrast a, a_e and i, i_e"]', '["The rat bit the tip of the snake.", "The snake will be brave and hiss at the rat.", "Bill sat on a hill to see the map.", "Sam likes jazz and will smile and do a jig.", "The kid ate a big snack. What a pig!"]', '[{"url": "https://wordwall.net/embed/8367893504bc4b84906a255f793dbfb1?themeId=49&templateId=45", "gameTypeId": "whack-a-mole"}, {"url": "https://wordwall.net/embed/2a4dd3d8ad994cabadad9bfcf4502b5a?themeId=42&templateId=70", "gameTypeId": "random"}, {"url": "https://wordwall.net/embed/5d8fae206096408faea12d53690c9e92?themeId=1&templateId=7", "gameTypeId": "mastery"}, {"url": "https://wordwall.net/embed/e3843730f09b4e629a3d13426e5b7085?themeId=1&templateId=36", "gameTypeId": "sentences"}]', '{"vowel": "a,i", "prefixList": "b,bl,br,c,ch,cl,cr,d,dr,f,fl,fr,g,gl,h,j,l,m,n,p,ph,pr,r,s,sc,scr,sk,sn,spl,spr,st,str,t,tr,tw,v,w,y,z", "suffixList": "b,c,d,f,g,k,l,m,n,p,r,s,t,v,x,z"}', NULL, 5),
	('G10L06', 'o_e_harder', 'o_e harder', 'G10', NULL, 'broke,choke,chose,clone,close,clove,crone,drone,drove,froze,glove,phone,probe,prone,scone,scope,shone,slope,smoke,stole,stone,shole,wrote,chrome,throne,stroke,strode,strobe', 'bone,code,coke,cone,cove,dole,come,dope,dose,dote,doze,hole,home,hone,hope,hose,hove,joke,lobe,lope,mode,mole,mope,mote,node,nope,nose,note,poke,pole,pope,pose,robe,rode,role,rope,rose,rote,rove,sole,sore,tone,tote,vole,vote,woke,wove,yoke,zone', 'oke/br-oke/broke,ose/cl-ose/close,ove/dr-ove/drove,oze/fr-oze/froze,ope/sc-ope/scope,oke/sm-oke/smoke,ose/ch-ose/chose', '', 'Y', '["o_e harder", "o_e spelling of /oh/ harder"]', '["The clone broke the drone when he was alone.", "Jack drove to the store and got a phone.", "Flo wore gloves when she did the chores."]', '[{"url": "https://wordwall.net/embed/c06b1a830c484a9a97441fe880590c5e?themeId=49&templateId=45", "gameTypeId": "whack-a-mole"}, {"url": "https://wordwall.net/embed/558502ab32734a9c948d16404d8673be?themeId=27&templateId=70", "gameTypeId": "random"}, {"url": "https://wordwall.net/embed/738b102189e04330925c7579a39ab594?themeId=27&templateId=7", "gameTypeId": "mastery"}, {"url": "https://wordwall.net/embed/cfb5838f5572442c9f555b10fb2e1ed2?themeId=1&templateId=36", "gameTypeId": "sentences"}]', '{"vowel": "a,i,o", "prefixList": "b,bl,br,c,ch,cl,cr,d,dr,f,fl,fr,g,gl,h,j,l,m,n,p,ph,pr,r,s,sc,scr,sk,sn,spl,spr,st,str,t,tr,tw,v,w,y,z", "suffixList": "b,c,d,f,g,k,l,m,n,p,r,s,t,v,x,z"}', NULL, 6),
	('G10L07', 'o_e_mixed', 'o_e mixed', 'G10', NULL, 'broke,choke,chose,clone,close,clove,crone,drone,drove,froze,glove,phone,probe,prone,scone,scope,shone,slope,smoke,stole,stone,shole,wrote,chrome,throne,stroke,strode,strobe', 'slop,clop,frog,clog,plot,slot,prom,clot,blog,trot,boss,bop,box,dog,doff,doll,don,dot,fob,fog,fop,fox,gob,God,got,hog,hop,hot,job,jog,jot,lob,log,lot,loss,mob,mod,mom,moss,mop,nod,non,not,pod,pop,pot,pox,rob,rod,Ron,rot,sob,sod,sop,tom,toss,top,tot', 'oke/str-oke/stroke,ome/chr-ome/chrome,ote/wr-ote/wrote,ove/dr-ove/drove,ope/sl-ope/slope,ole/st-ole/stole,ode/str-ode/strode', '', 'Y', '["o_e mixed", "o_e spelling of /oh/ mixed"]', '["Her glove froze on the pole.", "Her nose did too, the dope!", "The scone went up in smoke.", "He stole the throne from the king.", "I got the cloves from the store."]', '[{"url": "https://wordwall.net/embed/decfe99c45a04918a88e6b6136601552?themeId=42&templateId=70", "gameTypeId": "random"}, {"url": "https://wordwall.net/embed/45c59132087e46c5b9eea7219a9defe3?themeId=1&templateId=7", "gameTypeId": "mastery"}, {"url": "https://wordwall.net/embed/416773a83bed4505b4058a42a37a47f1?themeId=1&templateId=36", "gameTypeId": "sentences"}]', '{"vowel": "a,i,o", "prefixList": "b,bl,br,c,ch,cl,cr,d,dr,f,fl,fr,g,gl,h,j,l,m,n,p,ph,pr,r,s,sc,scr,sk,sn,spl,spr,st,str,t,tr,tw,v,w,y,z", "suffixList": "b,c,d,f,g,k,l,m,n,p,r,s,t,v,x,z"}', NULL, 7),
	('G10L08', 'o_e_review', 'o_e review', 'G10', NULL, 'broke,choke,chose,clone,close,clove,crone,drone,drove,froze,glove,phone,probe,prone,scone,scope,shone,slope,smoke,stole,stone,shole,wrote,chrome,throne,stroke,strode,strobe', 'brave,crate,craze,flame,frame,glade,glaze,grate,grave,graze,place,plane,plate,scale,scrape,blade,blame,brake,shale,stale,shade,shake,shame,slate,slave,snake,spade,stage,state,trade,whale,broke,choke,chose,clone,close,clove,crone,drone,drove,froze,glove,phone,probe,prone,scone,scope,shone,slope,smoke,stole,stone,shole,wrote,chrome,throne,stroke,strode,strobe,bribe,bride,brine,chide,chime,chive,drive,glide,gripe,pride,prize,shine,shire,shine,slice,slide,slime,smile,smite,snide,snipe,spice,spike,spine,spire,spite,stile,tribe,trike,tripe,trite,twine,whine,white,write,shrine,sprite,stride,strife,strike,stripe,strive,thrive', 'oke/ike/ake,ove/ive/ave,one/ine/ane,ole/ile/ale,ome/ime/ame,ope/ipe/ape,ode/ide/ade', '', 'Y', '["o_e review", "Contrast a, a_e, i, i_e, and o, o_e"]', '["Mike broke the phone and swore at the store.", "Then he chose to blame the one who made the phone.", "Now he will trade it in for a new phone.", "He will smile and hope it will last for a long time."]', '[{"url": "https://wordwall.net/embed/21a745af7985414aa66c64d8ffd1f77e?themeId=49&templateId=45", "gameTypeId": "whack-a-mole"}, {"url": "https://wordwall.net/embed/40e65b4ee1d14360907f2c046e5600c9?themeId=1&templateId=2", "gameTypeId": "sort"}, {"url": "https://wordwall.net/embed/f3987238abed44e787429711b73acfd2?themeId=42&templateId=70", "gameTypeId": "random"}, {"url": "https://wordwall.net/embed/c51a851fddc14a3c9bf79bafdf9e758b?themeId=1&templateId=7", "gameTypeId": "mastery"}, {"url": "https://wordwall.net/embed/2c1effa28ebc4473b199687310f13549?themeId=1&templateId=36", "gameTypeId": "sentences"}]', '{"vowel": "a,i,o", "prefixList": "b,bl,br,c,ch,cl,cr,d,dr,f,fl,fr,g,gl,h,j,l,m,n,p,ph,pr,r,s,sc,scr,sk,sn,spl,spr,st,str,t,tr,tw,v,w,y,z", "suffixList": "b,c,d,f,g,k,l,m,n,p,r,s,t,v,x,z"}', NULL, 8),
	('G10L09', 'u_e_mixed', 'u_e mixed', 'G10', NULL, 'brute,chute,crude,fluke,flute,plume,prude,prune,truce,cube,cure,cute,dude,duke,dune,dupe,fume,fuse,huge,jute,lube,luge,lure,lute,mule,muse,mute,nuke,puke,pure,rude,rule,sure,tube,tune', 'shut,plum,truck,cub,cut,duck,bud,buff,bug,bum,bun,but,butt,bus,buzz,dub,dud,duff,dug,dun,fun,fuzz,hub,huff,hull,hug,hut,hum,jug,jut,lug,mud,muff,mug,mum,muss,nub,nun,nut,pub,puff,pug,pun,putt,pup,pus,run,ruff,rug,rut,sub,sum,sun,sup,tub,tug,tut,tux', 'uke/fl-uke/fluke,ute/fl-ute/flute,une/pr-une/prune,ume/pl-ume/plume,ude/cr-ude/crude,ute/ch-ute/chute,ute/br-ute/brute,uce/tr-uce/truce', '', 'Y', '["u_e mixed", "Contrast i_e, i, u_e, and u"]', '["Mike will use the tube of slime to lube the chute.", "Then we will slide down the chute like a luge.", "If he drives like that dude, I will puke for sure.", "That will be a huge mess to wipe up."]', '[{"url": "https://wordwall.net/embed/c72d7c901c064f07adee2f8dc96dc235?themeId=49&templateId=45", "gameTypeId": "whack-a-mole"}, {"url": "https://wordwall.net/embed/50947b0241a841c1b8bcc81bc9c89d7d?themeId=46&templateId=2", "gameTypeId": "sort"}, {"url": "https://wordwall.net/embed/d64e82dd17b54ca4a8262d320e5b3dae?themeId=27&templateId=70", "gameTypeId": "random"}, {"url": "https://wordwall.net/embed/a048fc0093c44082b029af604ebb90a4?themeId=27&templateId=7", "gameTypeId": "mastery"}, {"url": "https://wordwall.net/embed/6bc103bcfeb1429d8038cd57ab03ff01?themeId=1&templateId=36", "gameTypeId": "sentences"}]', '{"vowel": "a,i,o,u", "prefixList": "b,bl,br,c,ch,cl,cr,d,dr,f,fl,fr,g,gl,h,j,l,m,n,p,ph,pr,r,s,sc,scr,sk,sn,spl,spr,st,str,t,tr,tw,v,w,y,z", "suffixList": "b,c,d,f,g,k,l,m,n,p,r,s,t,v,x,z"}', NULL, 9),
	('G10L10', 'u_e_review', 'u_e review', 'G10', NULL, 'brute,chute,crude,fluke,flute,plume,prude,prune,truce,cube,cure,cute,dude,duke,dune,dupe,fume,fuse,huge,jute,lube,luge,lure,lute,mule,muse,mute,nuke,puke,pure,rude,rule,tube,tune', 'bribe,bride,brine,chide,chime,chive,drive,glide,gripe,pride,prize,shine,shire,shine,slice,slide,slime,smile,smite,snide,snipe,spice,spike,spine,spire,spite,stile,tribe,trike,tripe,trite,twine,whine,white,write,shrine,sprite,stride,strife,strike,stripe,strive,thrive,broke,choke,chore,chose,clone,close,clove,crone,drone,drove,froze,glove,grope,phone,probe,prone,scone,scope,score,shone,shore,slope,smoke,stole,stone,store,swore,shole,wrote,chrome,throne,stroke,strode,strobe,blade,blame,brake,brave,crate,craze,flame,frame,glade,glaze,grate,grave,graze,place,plane,plate,scale,scrape,shale,stale,shade,shake,shame,slate,slave,snake,spade,stage,state,trade,whale', 'ute/ote/ite/ate,ude/ode/ide/ade,uke/oke/ike/ake,ume/ome/ime/ame,une/one/ine/ane,ube/obe/ibe/abe,upe/ope/ipe/ape,ule/ole/ile/ale', '', 'Y', '["u_e review", "Contrast i_e and u_e"]', '["The dude will gripe to his cute wife about the lime because it is not ripe.", "He is rude so she will give him a prune. ", "That will make him change his tune. "]', '[{"url": "https://wordwall.net/embed/08a648fbcd5943008450c405d1bec0e1?themeId=49&templateId=45", "gameTypeId": "whack-a-mole"}, {"url": "https://wordwall.net/embed/9e4eb738b9c84287ae27a3b07794fb73?themeId=1&templateId=2", "gameTypeId": "sort"}, {"url": "https://wordwall.net/embed/31bdf9fc6aec48e6a4f1d03fca8e8c9d?themeId=27&templateId=70", "gameTypeId": "random"}, {"url": "https://wordwall.net/embed/858541f2005141818277ff469ba0203a?themeId=1&templateId=7", "gameTypeId": "mastery"}, {"url": "https://wordwall.net/embed/3365483149d34b51a73f4713dd0c77d7?themeId=27&templateId=36", "gameTypeId": "sentences"}]', '{"vowel": "a,i,o,u", "prefixList": "b,bl,br,c,ch,cl,cr,d,dr,f,fl,fr,g,gl,h,j,l,m,n,p,ph,pr,r,s,sc,scr,sk,sn,spl,spr,st,str,t,tr,tw,v,w,y,z", "suffixList": "b,c,d,f,g,k,l,m,n,p,r,s,t,v,x,z"}', NULL, 10),
	('G10L11', 'e_e+eh', 'e_e + <sound>eh</sound>', 'G10', NULL, 'cede,gene,mete,grebe,plebe,scene,swede,theme,these,scheme', 'bed,bell,Ben,Bess,bet,beg,den,fed,fen,fez,gem,gel,hen,hex,jet,led,leg,let,less,Meg,men,met,mess,Ned,net,pen,peg,pet,set,sell,ten,Tess,tell,vet,web,wed,well,wet,bribe,bride,brine,chide,chime,chive,drive,glide,gripe,pride,prize,shine,shire,shine,slice,slide,slime,smile,smite,snide,snipe,spice,spike,spine,spire,spite,stile,tribe,trike,tripe,trite,twine,whine,white,write,shrine,sprite,stride,strife,strike,stripe,strive,thrive,broke,choke,chore,chose,clone,close,clove,crone,drone,drove,froze,glove,grope,phone,probe,prone,scone,scope,score,shone,shore,slope,smoke,stole,stone,store,swore,shole,wrote,chrome,throne,stroke,strode,strobe,blade,blame,brake,brave,crate,craze,flame,frame,glade,glaze,grate,grave,graze,place,plane,plate,scale,scrape,shale,stale,shade,shake,shame,slate,slave,snake,spade,stage,state,trade,whale', 'ebe/gr-ebe/grebe,ene/g-ene/gene,ebe/pl-ebe/plebe,ene/sc-ene/scene,ede/sw-ede/swede,eme/th-eme/theme,ese/th-ese/these,eme/sch-eme/scheme', '', 'Y', '["e_e + /eh/", "Contrast e_e /ee/ and e /eh/"]', '["Meg had a scheme to sell a pet to the vet.", "Meg bet Ned ten bucks that it would work.", "The pet was in his den.", "I hope the fox is tame or the vet will not be safe.", "Will Ned tell the vet about the scheme?"]', '[{"url": "https://wordwall.net/embed/ccbaffbc6b574cb596579b1c79f2176e?themeId=49&templateId=45", "gameTypeId": "whack-a-mole"}, {"url": "https://wordwall.net/embed/f8c56b77ca5b452fb96b9d823476df42?themeId=1&templateId=2", "gameTypeId": "sort"}, {"url": "https://wordwall.net/embed/870db1571809477fb845e81a2a42f6b4?themeId=27&templateId=70", "gameTypeId": "random"}, {"url": "https://wordwall.net/embed/7d5ea2df6953455ba4b00374a3acbbcc?themeId=1&templateId=7", "gameTypeId": "mastery"}, {"url": "https://wordwall.net/embed/0e44f08adad346f89e322314a91af8dc?themeId=1&templateId=36", "gameTypeId": "sentences"}]', '{"vowel": "e", "prefixList": "c,g,m,p,pl,s,sc,sw,sch,th", "suffixList": "b,d,m,n,s,t"}', NULL, 11),
	('G10L12', 'r-controlled ?_e', 'r-controlled ?_e', 'G10', NULL, 'bare,care,dare,fare,hare,mare,rare,core,more,pore,sore,tore,wore,fire,hire,tire,wire,here,were,cure,pure,sure,store,shore,score,chore,snore,spire,share,scare,flare,sware,stare,glare,there,where', 'bore,gore,lore,fore,yore,dire,mire,mere,swore,spore,snare,spare,shire,lure', 'bare/care/dare,hare/mare/rare,core/more/chore,tore/sore/bore,pure/cure/sure,hire/fire/tire,store/score/snore', '', 'Y', '["r-controlled ?_e", ""]', '["She will stare and glare at you if you do not share the candy you got at the store.", "The flare will start a forest fire over there.", "The fire will scare the hare and the mare for sure."]', '[{"url": "https://wordwall.net/embed/e5e8f584c56d432397d39ef7985db244?themeId=49&templateId=45", "resource": "https://wordwall.net/resource/3717761", "gameTypeId": "whack-a-mole"}, {"url": "https://wordwall.net/embed/88b84140903d4bcbb4396fb665066bf9?themeId=1&templateId=2", "resource": "https://wordwall.net/resource/3717758", "gameTypeId": "sort"}, {"url": "https://wordwall.net/embed/4283a89b586d40289762d8a73f6d2e50?themeId=42&templateId=70", "resource": "https://wordwall.net/resource/3717757 ", "gameTypeId": "random"}, {"url": "https://wordwall.net/embed/f8f2c3f2ae364c869fb8a241340bf0fa?themeId=1&templateId=7", "resource": "https://wordwall.net/resource/3717762", "gameTypeId": "mastery"}, {"url": "https://wordwall.net/embed/2707bcfeadcf4984a4622990b149d8fe?themeId=1&templateId=36", "resource": "https://wordwall.net/resource/4498621", "gameTypeId": "sentences"}, {"url": "https://wordwall.net/embed/013167f8b7094f0eb4cc5d88fe744a1b?themeId=1&templateId=47", "resource": "https://wordwall.net/resource/3717756", "gameTypeId": "word-builder"}, {"url": "https://wordwall.net/embed/ba5c5b1edf17422ba0ff9e0ff602f9fd?themeId=23&templateId=47", "resource": "https://wordwall.net/resource/3717754", "gameTypeId": "alien"}, {"url": "https://wordwall.net/embed/ae73d8372b86406ab06952a4aac0c12f?themeId=1&templateId=38", "resource": "https://wordwall.net/resource/3717752", "gameTypeId": "scramble"}, {"url": "https://wordwall.net/embed/c186eff48f7349389e4d1e9214984768?themeId=1&templateId=3", "resource": "https://wordwall.net/resource/3717752", "gameTypeId": "match"}]', '{"vowel": "ar,er,ir,or,ur", "prefixList": "b,c,d,fl,g,gl,h,j,l,m,p,r,s,sc,sh,sn,st,t,th,w,y", "suffixList": "e"}', NULL, 12),
	('G11L01', 'dge+nge', 'dge + nge', 'G11', NULL, 'badge,budge,bridge,binge,dodge,drudge,dredge,edge,fridge,fudge,fringe,grudge,hedge,hinge,judge,lodge,ledge,lunge,Midge,pudge,pledge,plunge,sludge,range,trudge,wedge', '', 'udge/pudge/judge,edge/ledge/hedge,udge/trudge/drudge,idge/fridge/bridge,inge/hinge/binge,odge/dodge/lodge,udge/pudge/budge', '', 'Y', '["dge + nge", "Digraphs (dge,nge)"]', '["The police have to show their badges when they arrest the men.", "The fate of the men will hinge on the judge.", "The boy hiked the ridge and trudged across the bridge.", "He was wedged on the edge of a ledge.", "I hope he will not lunge and plunge off the cliff."]', '[{"url": "https://wordwall.net/embed/20c6ade4ddaf428ca6059720ff3ff1e4?themeId=27&templateId=70", "gameTypeId": "random"}, {"url": "https://wordwall.net/embed/e8a2b485f2f249a28754cbfea1370a66?themeId=1&templateId=7", "gameTypeId": "mastery"}, {"url": "https://wordwall.net/embed/3edb4d43564c4f59a81e5a18292966ee?themeId=1&templateId=36", "gameTypeId": "sentences"}, {"url": "https://wordwall.net/embed/f42e9577ff3e4a7b9db3e1e7af8970fc?themeId=1&templateId=2", "gameTypeId": "match"}, {"url": "https://wordwall.net/embed/62a63b9c53a24e7199808106b84f45f7?themeId=23&templateId=47", "gameTypeId": "alien"}, {"url": "https://wordwall.net/embed/cca7045c6d444eb3b2df1136bf05cd4c?themeId=3&templateId=47", "gameTypeId": "word-builder"}]', '{"vowel": "a,e,i,o,u", "prefixList": "b,d,dr,f,fr,g,gr,h,j,l,m,p,pl,s,sl,r,tr,w", "suffixList": "dge,nge"}', NULL, 1),
	('G11L02', 'nce', 'nce + nse', 'G11', NULL, 'dance,dunce,fence,hence,mince,pence,since,vince,wince,chance,glance,prance,trance,stance,quince,prince,sense,tense,dense,sconce,rinse', '', 'prince/prance,dunce/dance,wince/wence,since/sense,Vince/Vance,hence/hince,sense/since', '', 'Y', '["nce + nse", "Digraphs nce"]', '["Vince the Prince went to France as soon as he got the chance.", "Since the Prince was in a trance at the dance, he didn\'t glance up to see the girl prance by him.", "She tripped on the Prince\'s foot and they both winced."]', '[{"url": "https://wordwall.net/embed/3926ac31ccbe4aabb28c83e783c05e74?themeId=42&templateId=70", "gameTypeId": "random"}, {"url": "https://wordwall.net/embed/5c72228a64e54774be117dd7641f321e?themeId=27&templateId=7", "gameTypeId": "mastery"}, {"url": "https://wordwall.net/embed/9d050937dee64fa5860836a2baef684d?themeId=1&templateId=36", "gameTypeId": "sentences"}, {"url": "https://wordwall.net/embed/a9ff1cd934dd45178d04ee04b84924fd?themeId=1&templateId=2", "gameTypeId": "match"}, {"url": "https://wordwall.net/embed/0920e554d67a4955a2d2b47c02bd519f?themeId=23&templateId=47", "gameTypeId": "alien"}, {"url": "https://wordwall.net/embed/c17d73a5ea074a029a948ee5a6806a42?themeId=3&templateId=47", "gameTypeId": "word-builder"}]', '{"vowel": "a,e,i,o,u", "prefixList": "ch,d,f,gl,h,m,p,pr,qu,s,st,t,tr,v,w", "suffixList": "nce"}', NULL, 2),
	('G11L03', 'er_est_blends', '-er and -est for blends', 'G11', NULL, 'long,longer,longest,short,shorter,shortest,thick,thicker,thickest,thin,thinner,thinnest,brave,braver,bravest,close,closer,closest,rude,ruder,rudest,tame,tamer,tamest,cute,cuter,cutest,safe,safer,safest,', '', 'long/longer/longest,short/shorter/shortest,thick/thicker/thickest,thin/thinner/thinnest,close/closer/closest/far/farther/farthest,safer/safer/safest,cute/cuter/cutest', '', 'Y', '["-er and -est for blends", ""]', '["That rabbit is the tamest", " cutest", "  and safest pet I have. Hiis fur is thicker and longer than my dog\'s fur.  My rabbit needs to be braver to get closer to my dog."]', '[{"url": "https://wordwall.net/embed/1077f05ab0ab41cea46f3aca90a1d664?themeId=49&templateId=45", "resource": "https://wordwall.net/resource/3729703", "gameTypeId": "whack-a-mole"}, {"url": "https://wordwall.net/embed/97332dfe3b584259bcaaf64cda18f05d?themeId=1&templateId=2", "resource": "https://wordwall.net/resource/3729701", "gameTypeId": "sort"}, {"url": "https://wordwall.net/embed/ed394568f7404f41bfde6cb6a9bc7472?themeId=42&templateId=70", "resource": "https://wordwall.net/resource/3729700 ", "gameTypeId": "random"}, {"url": "https://wordwall.net/embed/18c88253e28c476aa66a4ddc5e016793?themeId=1&templateId=7", "resource": "https://wordwall.net/resource/3729704", "gameTypeId": "mastery"}, {"url": "https://wordwall.net/embed/72ef604375e841fbb85473ee778ba41e?themeId=1&templateId=36", "resource": "https://wordwall.net/resource/4499296", "gameTypeId": "sentences"}, {"url": "https://wordwall.net/embed/d0b19787f10c463d8c989fb7a2a49779?themeId=1&templateId=47", "resource": "https://wordwall.net/resource/3729699", "gameTypeId": "word-builder"}, {"url": "https://wordwall.net/embed/f90a585f088f4f98bc454c59a4f71247?themeId=1&templateId=47", "resource": "https://wordwall.net/resource/3729698", "gameTypeId": "alien"}, {"url": "https://wordwall.net/embed/4790beb98dec4193b6e4d51f01abbb8a?themeId=1&templateId=38", "resource": "https://wordwall.net/resource/3729702", "gameTypeId": "scramble"}, {"url": "https://wordwall.net/embed/f3e2ab94da0a481aaf1dd7a6c7bffccb?themeId=1&templateId=3", "resource": "https://wordwall.net/resource/3729696", "gameTypeId": "match"}]', '{"vowel": "a,e,i,o,u", "prefixList": "b,bl,br,cl,cr,d,dr,f,fl,fr,g,gl,gr,h,k,l,m,n,p,pr,r,s,sc,scr,sk,sn,spl,spr,st,str,t,tr,tw,v", "suffixList": "dge,nge,nce"}', NULL, 3),
	('G11L04', 'ed_ing_blends', '-ed and -ing for blends', 'G11', NULL, 'camped,camping,landed,landing,jumped,jumping,hunted,hunting,fished,fishing,helped,helping,rented,renting,texted,texting,lasted,lasting,tested,testing,filmed,filming,dusted,dusting,nested,nesting,brushed,brushing', 'banked,banking,ranked,ranking,gasped,gasping,masked,masking,rafted,rafting,milked,milking,funded,funding,rested,resting,busted,busting', 'camp/camped/camping,land/landed/landing,jump/jumped/jumping,hunt/hunted/hunting,help/helped/helping,last/lasted/lasting,test/tested/testing,film/filmed/filming,rent/rented,renting', '', 'Y', '["-ed and -ing for blends", ""]', '["Jim rented a cabin. He texted Matt and asked him to go hunting and camping with him. He will be resting and fishing too."]', '[{"url": "https://wordwall.net/embed/d3c305d7370d4bc6a9cf72fdd0e196ac?themeId=49&templateId=45", "resource": "https://wordwall.net/resource/3739052", "gameTypeId": "whack-a-mole"}, {"url": "https://wordwall.net/embed/001e07bf59004a24b199882bbf1af623?themeId=1&templateId=2", "resource": "https://wordwall.net/resource/3739050", "gameTypeId": "sort"}, {"url": "https://wordwall.net/embed/a8fb1fb12f234fa09545879852055705?themeId=42&templateId=70", "resource": "https://wordwall.net/resource/3739049", "gameTypeId": "random"}, {"url": "https://wordwall.net/embed/1a359e8d388649f5ab0bc0689965aff3?themeId=1&templateId=7", "resource": "https://wordwall.net/resource/3739053", "gameTypeId": "mastery"}, {"url": "https://wordwall.net/embed/a81e0f37668a4e519273ad0185a30a0c?themeId=1&templateId=36", "resource": "https://wordwall.net/resource/4499631", "gameTypeId": "sentences"}, {"url": "https://wordwall.net/embed/085c174188e84114ad29591ecdf1b528?themeId=1&templateId=47", "resource": "https://wordwall.net/resource/3739047", "gameTypeId": "word-builder"}, {"url": "https://wordwall.net/embed/216e152ffd384f6792da16e0bba997d9?themeId=23&templateId=47", "resource": "https://wordwall.net/resource/3739054", "gameTypeId": "alien"}, {"url": "https://wordwall.net/embed/1e317a56e2a84505863b2ca310605ccc?themeId=1&templateId=38", "resource": "https://wordwall.net/resource/3739051", "gameTypeId": "scramble"}, {"url": "https://wordwall.net/embed/a17d37cc7a654eeba4a96ff0f8404e21?themeId=1&templateId=3", "resource": "https://wordwall.net/resource/3739046", "gameTypeId": "match"}]', '{"vowel": "a,e,i,o,u", "prefixList": "b,bl,br,cl,cr,d,dr,f,fl,fr,g,gl,gr,h,k,l,m,n,p,pr,r,s,sc,scr,sk,sn,spl,spr,st,str,t,tr,tw,v", "suffixList": "dge,nge,nce"}', NULL, 4),
	('G11L05', 'ed+ing_?e', '-ed + -ing for magic e', 'G11', NULL, 'baked,baking,cared,caring,chased,chasing,dared,daring,dined,dining,hiked,hiking,hoped,hoping,lived,living,loved,loving,raced,racing,raged,raging,traded,trading,used,using,shared,sharing', 'sensed,sensing,blamed,blaming,tubed,tubing,closed,closing,smiled,smiling,biked,biking,placed,placing,joked,joking', 'bake/baked/baking,care/cared/caring,hike/hiked/hiking,race/raced/racing,love/loved,loving,use/used/using,live/lived/living,bike/biked/biking,joke/joked/joking', '', 'Y', '["-ed + -ing for magic e", "Suffix -ed and -ing"]', '["I loved racing cars and riding bikes when I lived in Texas. I hiked and camped too. I am hoping we can go tubing on the sledding hill now that I live  where it is colder."]', '[{"url": "https://wordwall.net/embed/e0bbc33aef76415cb5dd6ea9f1c0999e?themeId=49&templateId=45", "resource": "https://wordwall.net/resource/3739390", "gameTypeId": "whack-a-mole"}, {"url": "https://wordwall.net/embed/14c91db3682b4f4ebcf0fcf020b6e030?themeId=23&templateId=2", "resource": "https://wordwall.net/resource/3739375", "gameTypeId": "sort"}, {"url": "https://wordwall.net/embed/eb4f8ff820ab42aa806152020e425fc1?themeId=42&templateId=70", "resource": "https://wordwall.net/resource/3739374", "gameTypeId": "random"}, {"url": "https://wordwall.net/embed/d7d39a1fda69460d86a8b661d486e6e9?themeId=1&templateId=7", "resource": "https://wordwall.net/resource/3739393", "gameTypeId": "mastery"}, {"url": "https://wordwall.net/embed/3f1cefaa90cb42709f09ddefc1ab3082?themeId=1&templateId=36", "resource": "https://wordwall.net/resource/4538402", "gameTypeId": "sentences"}, {"url": "https://wordwall.net/embed/77a6277973b44cb493171b215f2d1269?themeId=1&templateId=47", "resource": "https://wordwall.net/resource/3739373", "gameTypeId": "word-builder"}, {"url": "https://wordwall.net/embed/786fa77fc82849faa95c11247e00f2b6?themeId=23&templateId=47", "resource": "https://wordwall.net/resource/3739377", "gameTypeId": "alien"}, {"url": "https://wordwall.net/embed/a96d6fec01344694a11b4935a85ab1d8?themeId=1&templateId=38", "resource": "https://wordwall.net/resource/3739376", "gameTypeId": "scramble"}, {"url": "https://wordwall.net/embed/263ecdad7e5343eb88b10a5b39682edc?themeId=1&templateId=3", "resource": "https://wordwall.net/resource/3739369", "gameTypeId": "match"}]', '{"vowel": "a,e,i,o,u", "prefixList": "b,bl,br,cl,cr,d,dr,f,fl,fr,g,gl,gr,h,k,l,m,n,p,pr,r,s,sc,scr,sk,sn,spl,spr,st,str,t,tr,tw,v", "suffixList": "dge,nge,nce"}', NULL, 5),
	('G11L06', 'contractions', 'Contractions', 'G11', NULL, '"can\'t,aren\'t,don\'t,doesn\'t,didn\'t,haven\'t,hasn\'t,isn\'t,couldn\'t,wasn\'t,why\'d,I\'ll,you\'ll,he\'ll,she\'ll,I\'d,you\'d,here\'s,how\'s,it\'s,that\'s,there\'s,what\'s,when\'s,where\'s,why\'s,who\'s,I\'ve,you\'ve,I\'m,you\'re,he\'s,she\'s,we\'re,they\'re,let\'s,won\'t"', '"shouldn\'t,wouldn\'t,we\'ve,they\'ve,could\'ve,how\'d,they\'ll,who\'ll,it\'ll,would\'ve,we\'ll,should\'ve,weren\'t,who\'d,he\'d,she\'d,they\'d"', '"can not/can\'t,are not/aren\'t,do not/don\'t,did not/didn\'t,have not/haven\'t,has not/hasn\'t,is not/isn\'t,could not/couldn\'t,should not/shouldn\'t,was not/wasn\'t,were not/weren\'t,how did/how\'d,who did/who\'d,why did/why\'d,I will/I\'ll,it is/it\'s,you have/you\'ve,she is/she\'s,he is/he\'s"', '', 'Y', '["Contractions", "Contractions"]', '["I\'m sorry. I didn\'t mean to keep it.", "It\'s okay! Let\'s be friends.", "Let\'s take a walk and we\'ll talk.", "It\'s been a long day and I\'m tired.", "She\'s sad that you can\'t go home.", "You\'ll have to tell her we\'ll be there soon."]', '[{"url": "https://wordwall.net/embed/bec10345f9f540c08d29350848bba885?themeId=49&templateId=45", "gameTypeId": "whack-a-mole"}, {"url": "https://wordwall.net/embed/e92a86d1564c4a90863b9eecedbc7d71?themeId=1&templateId=2", "gameTypeId": "sort"}, {"url": "https://wordwall.net/embed/f85bae42be2f4fe6a26c22e5a6621250?themeId=27&templateId=70", "gameTypeId": "random"}, {"url": "https://wordwall.net/embed/b4209552e39e48a49194cc782994b524?themeId=27&templateId=7", "gameTypeId": "mastery"}, {"url": "https://wordwall.net/embed/51184ed55fb1437f867608614d28f650?themeId=1&templateId=36", "gameTypeId": "sentences"}]', '{"vowel": " ", "prefixList": " ", "suffixList": " "}', NULL, 6),
	('G12L01', 'oh', '<sound>oh</sound>', 'G12', NULL, 'most,host,post,toast,bow,low,slow,snow,toe,foe,Joe,doe,know,row,sow,tow,blown,flown,moat,cloak,coach,roach,roam,throat,coat,float,bloat,boast,coast,hoax,goat,loan,loaf,boat,road,roast,foam,soap,mow', '', 'slow/snow,toe/doe,blown/flown,goat/boat,foam/roam,moan/loan,most/post,float/bloat,row/low', '', 'Y', '["/oh/", "oh"]', '["The coach wants him to eat oatmeal but he likes pork and pot roast.", "I had a sore throat so I stayed home.", "Did you see mold on the toast?", "Does he snore louder than a toad croaks?", "I hope to see an oak tree when I go up the coast."]', '[{"url": "https://wordwall.net/embed/0dc7f5e719cb4fb3a2845c2ed0ab46b7?themeId=27&templateId=70", "gameTypeId": "random"}, {"url": "https://wordwall.net/embed/764ab210ed5c48d59bd6cce93286d9a2?themeId=27&templateId=7", "gameTypeId": "mastery"}, {"url": "https://wordwall.net/embed/30803403badf4709a7ac550fbf88199b?themeId=1&templateId=36", "gameTypeId": "sentences"}]', '{"vowel": "a", "prefixList": "b,c,f,g,h,j,l,m,n,p,r,s,t,v,w,y,z", "suffixList": "g,p,t"}', NULL, 1),
	('G12L02', 'ow', '<sound>ow</sound>', 'G12', NULL, 'howl,cow,how,now,wow,chow,fowl,crown,down,town,crowd,owl,jowl,prowl,town,out,loud,cloud,proud,round,grout,foul,brown,found,loud,count,pout,shout', '', 'cow/now,down/town,proud/cloud,found/hound,howl/jowl,round/found,pout/shout,round/pound', '', 'Y', '["/ow/", "ow"]', '["I want to look in the lost and found for my brown jacket.", "I found a flower in the ground.", "Do you want to go outside and count the brown cows now?", "The owl flew around my house and found a mouse.", "I saw a clown make an upside-down frown."]', '[{"url": "https://wordwall.net/embed/affcc4d435304c1dadd90a6c68d5e9c5?themeId=27&templateId=70", "gameTypeId": "random"}, {"url": "https://wordwall.net/embed/1ac20104b2ae44b6a7d4843f17be2afb?themeId=1&templateId=7", "gameTypeId": "mastery"}, {"url": "https://wordwall.net/embed/2e4df9bc58aa4a6683ce7a168c36eb40?themeId=1&templateId=36", "gameTypeId": "sentences"}]', '{"vowel": "a", "prefixList": "b,c,f,g,h,j,l,m,n,p,r,s,t,v,w,y,z", "suffixList": "g,p,t"}', NULL, 2),
	('G12L03', 'oy', '<sound>oy</sound>', 'G12', NULL, 'boy,toy,soy,coy,joy,ploy,royal,alloy,loyal,enjoy,oil,boil,coil,foil,broil,foist,void,oink,roil,soil,toil,point,joint', '', 'boy/toy,royal/loyal,oil/coil,soil/toil,point/joint,soy/joy,foil,roil', '', 'Y', '["/oy/", "oy"]', '["Are you employed at the toyshop?", "The cowboy has a loyal dog.", "Mom says that Iu2019m a tomboy.", "I enjoyed the broiled oysters.", "The employees are noisy.", "Do you avoid making bad choices?", "Wrap the moist cake in foil.", "Whereu2019s the poison ivy ointment?"]', '[{"url": "https://wordwall.net/embed/3afec62f03fe4f0cb40b92d1bfaff94a?themeId=42&templateId=70", "gameTypeId": "random"}, {"url": "https://wordwall.net/embed/4983db3840104e6cac4715e5747ce28b?themeId=27&templateId=7", "gameTypeId": "mastery"}, {"url": "https://wordwall.net/embed/03278094fde248b7ac2308f5d01cff62?themeId=1&templateId=36", "gameTypeId": "sentences"}]', '{"vowel": "a", "prefixList": "b,c,f,g,h,j,l,m,n,p,r,s,t,v,w,y,z", "suffixList": "g,p,t"}', NULL, 3),
	('G12L04', 'long_oo', 'Long <sound>oo</sound>', 'G12', NULL, 'roof,tooth,fool,room,shoot,zoo,blue,glue,clue,screw,crew,drew,brew,juice,cruise,suit,lose,move,whose,Tuesday,flute,prune,chute,cute,flew,stew,broom,cool,bruise,moon', 'grew,noon,pool,scoop,loop,smooth,through,truth,soup,do,group,two,you,who,true,school,loose,food,rooster', 'blue/glue,crew/brew,flew/slew,room/broom,crew/screw,lose/whose,flute/chute,fool/cool,cruise/bruise,soup/group,moon/noon,scoop/loop', '', 'Y', '["Long /oo/", "Long oo"]', '["I will brew a few cups of coffee and bring some fresh fruit.", "Bring a spoon to my classroom at noon.", "The water in the pool is cool.", "My tooth is too loose so I hope I don\'t lose it at school.", "The cute fruit fly flew into the glue.", "The wind blew our cruise ship."]', '[{"url": "https://wordwall.net/embed/d6fc8cfdccb54b9b823a19fa4b09522d?themeId=27&templateId=70", "gameTypeId": "random"}, {"url": "https://wordwall.net/embed/d540419fed7142c584a828a84c767adb?themeId=1&templateId=7", "gameTypeId": "mastery"}, {"url": "https://wordwall.net/embed/bf0dbbb974184ce98311ba79ff3f07ea?themeId=1&templateId=36", "gameTypeId": "sentences"}]', '{"vowel": "a", "prefixList": "b,c,f,g,h,j,l,m,n,p,r,s,t,v,w,y,z", "suffixList": "g,p,t"}', NULL, 4),
	('G12L05', 'short_oo', 'Short <sound>oo</sound>', 'G12', NULL, 'book,put,could,would,should,cook,brook,shook,hook,good,hood,cookie,hoof,stood,took,look,wood,foot,woof,soot,nook,rook,soot,bush,push,bully,bull', '', 'could/would,cook/book,hood/good,took/look,brook/shook,woof/hoof,stood/wood,bush/push', '', 'Y', '["Short /oo/", "Short oo"]', '["I understood the story in the book.", "The bush is full of thorns.", "My lunch was good and now Iu2019m too full.", "The pit bull took a look at the crook.", "I stood on one foot and hopped over the wood.", "The bully took all of our sugar cookies."]', '[{"url": "https://wordwall.net/embed/88b04b88f4c14d36b4f8e77c48ea1855?themeId=27&templateId=70", "gameTypeId": "random"}, {"url": "https://wordwall.net/embed/1a2e43c1604340ffa14050dca8ed048c?themeId=1&templateId=7", "gameTypeId": "mastery"}, {"url": "https://wordwall.net/embed/f0885633862041419fdea1e26bdc0e98?themeId=1&templateId=36", "gameTypeId": "sentences"}]', '{"vowel": "a", "prefixList": "b,c,f,g,h,j,l,m,n,p,r,s,t,v,w,y,z", "suffixList": "g,p,t"}', NULL, 5),
	('G12L06', 'aw', '<sound>aw</sound>', 'G12', NULL, 'dog,bop,brawl,crawl,claw,draw,fawn,gnaw,jaw,law,lawn,paw,pawn,saw,stalk,walk,thaw,yawn,ball,call,wall,small,sauce,August,stalk,talk,walk,chalk,fault,salt,also,almost,always,caught,ought,broad,awe', '', 'jaw/law,lawn/pawn,claw/slaw,talk/walk,salt/malt,thaw/gnaw,brawl/crawl,fought/ought', '', 'Y', '["/aw/", "aw"]', '["Did the ball hit your jaw?", "Please walk down the hallway.", "The tall, bald man paused to pet a swan.", "Paul took a walk and saw a falling rock.", "It was your fault that I added too much salt.", "I was surprised to see a stalk of corn growing on the lawn."]', '[{"url": "https://wordwall.net/embed/66161a0645064ca3af3a52372d8c1b93?themeId=27&templateId=70", "gameTypeId": "random"}, {"url": "https://wordwall.net/embed/957714bd61ec4e54bbd8f81116e481f5?themeId=1&templateId=7", "gameTypeId": "mastery"}, {"url": "https://wordwall.net/embed/602b3b5ff92b4260ad69ce4e5c70cda5?themeId=1&templateId=36", "gameTypeId": "sentences"}]', '{"vowel": "a", "prefixList": "b,c,f,g,h,j,l,m,n,p,r,s,t,v,w,y,z", "suffixList": "g,p,t"}', NULL, 6),
	('G12L07', 'ay', '<sound>ay</sound>', 'G12', NULL, 'day,say,clay,play,spray,tray,pray,way,mail,tail,brain,paid,chain,rain,train,paint,stain,wait,gain,drain,sail,sprain,trail,plain,quail,eight,sleigh,neighbor,weight,angel,apron,basic,fatal,data,table,paper,break,steak,great,prey,they,grey,straight,veil,rein,fail', '', 'day/say,clay/play,spray/tray,brain/train,paint/saint,drain/sprain,paid/laid,sail/fail', '', 'Y', '["/ay/", "ay"]', '["May the stray dog stay and play?", "Kate put the clay on the tray.", "I mailed eighteen boxes.", "I had to wait in the rain for the train.", "The train has eight freight cars.", "I am afraid I gained too much weight.", "My neighboru2019s horse says, u201cneigh.u201d"]', '[{"url": "https://wordwall.net/embed/be081997e06f47968549e0d2295ce782?themeId=27&templateId=70", "gameTypeId": "random"}, {"url": "https://wordwall.net/embed/5f5ead2d5d5a4e9db92ed3f5cd074f20?themeId=1&templateId=7", "gameTypeId": "mastery"}, {"url": "https://wordwall.net/embed/01b248f9d094491394e379df6055225f?themeId=1&templateId=36", "gameTypeId": "sentences"}]', '{"vowel": "a", "prefixList": "b,c,f,g,h,j,l,m,n,p,r,s,t,v,w,y,z", "suffixList": "g,p,t"}', NULL, 7),
	('G12L08', 'air', '<sound>air</sound>', 'G12', NULL, 'care,bare,fare,fair,flair,lair,pair,hair,air,chair,stair,dairy,fairy,impair,repair,where,there,tear,bear,pear,wear,swear,their', '', 'bare/care,fair/pair,hair/lair,pear/wear,tear/bear,dairy/fairy,where/there,stair/chair', '', 'Y', '["/air/", "air"]', '["What did you prepare for lunch?", "Please do not stare at me.", "Be careful when you walk upstairs with a pair of scissors.", "Let me comb my hair before we go to the fair.", "You can share the chair at the crowded airport.", "Will your parents pay for my bus fare?"]', '[{"url": "https://wordwall.net/embed/08c528fc200d4bbb8a2f500d3e7d1f9f?themeId=27&templateId=70", "gameTypeId": "random"}, {"url": "https://wordwall.net/embed/c61d7f996227484dabb836ce84d415f6?themeId=1&templateId=7", "gameTypeId": "mastery"}, {"url": "https://wordwall.net/embed/b2ca042dc7c54d74befc11eb6df746f4?themeId=1&templateId=36", "gameTypeId": "sentences"}]', '{"vowel": "a", "prefixList": "b,c,f,g,h,j,l,m,n,p,r,s,t,v,w,y,z", "suffixList": "g,p,t"}', NULL, 8),
	('G12L09', 'ee_ee_e', '<sound>ee</sound> (ee, -e)', 'G12', NULL, 'green,seed,queen,free,tree,eel,feet,bee,beet,beef,feel,peel,peek,sheep,creek,cheek,deep,feed,meet,keep,sleep,sheet,street,sweet,teeth,teen,three,wheel,week,bleed,me,she,we,be,he,freed', '', 'free/tree,feet/meet,feel/peel,peek/cheek,seen/seen,me/we,be/he,freed/breed', '', 'Y', '["/ee/ (ee, -e)", "ee (ee, -e)"]', '["He got sick and fell into a deep, deep sleep.", "We may need to sweep the street.", "I like to keep my feet under the sheets.", "The bee is chasing me up the tree.", "The green jeep crossed the creek.", "She will squeeze his sweet little cheeks."]', '[{"url": "https://wordwall.net/embed/d462b33c5af5448e9b959b930e4e0592?themeId=27&templateId=70", "gameTypeId": "random"}, {"url": "https://wordwall.net/embed/d43abcb30ada41e8982c8ad483ac9ca0?themeId=1&templateId=7", "gameTypeId": "mastery"}, {"url": "https://wordwall.net/embed/c7460fdce5124fed9979c4deb740122b?themeId=1&templateId=36", "gameTypeId": "sentences"}]', '{"vowel": "a", "prefixList": "b,c,f,g,h,j,l,m,n,p,r,s,t,v,w,y,z", "suffixList": "g,p,t"}', NULL, 9),
	('G12L10', 'ee_ea', '<sound>ee</sound> (ea)', 'G12', NULL, 'least,treat,eat,mean,scream,weak,beach,feast,meat,flea,neat,seal,cheat,heal,peach,seat,clean,jeans,speak,cream,leaf,reach,teach,dream,lean,read,each,reach', '', 'mean/lean,meat/neat,seal/heal,reach/teach,least/feast,seat/heat,dream/cream', '', 'Y', '["/ee/ (ea)", "ee (ea)"]', '["I like to be clean and neat.", "Peanuts are a good treat.", "I can see a seal swimming in the sea.", "My teacher is on sick leave because she felt weak.", "I will eat meat at the feast.", "Can you heal the eagle and set him free?", "Tim cleaned and bleached his jeans."]', '[{"url": "https://wordwall.net/embed/c50d7587c87942b2ad8089abd0b8b63b?themeId=27&templateId=70", "gameTypeId": "random"}, {"url": "https://wordwall.net/embed/d1ff6a9a1a8e409a87dd536617896f03?themeId=1&templateId=7", "gameTypeId": "mastery"}, {"url": "https://wordwall.net/embed/c8ea1e57aed64a63b8c2192d2bb974b9?themeId=27&templateId=36", "gameTypeId": "sentences"}]', '{"vowel": "a", "prefixList": "b,c,f,g,h,j,l,m,n,p,r,s,t,v,w,y,z", "suffixList": "g,p,t"}', NULL, 10),
	('G12L11', 'eh_ea', '<sound>eh</sound> (ea)', 'G12', NULL, 'bread,head,spread,health,stead,heaven,stealth,breath,instead,sweat,dead,lead,thread,leapt,threat,tread,deaf,meant,wealth,death,read,weapon', '', 'bread/dread,head/lead,wealth/health,tread/dead,death/breath,sweat/threat,stealth/wealth', '', 'Y', '["/eh/ (ea)", "eh (ea)"]', '["I like to be clean and neat.", "Peanuts are a good treat.", "I can see a seal swimming in the sea.", "My teacher is on sick leave because she felt weak.", "I will eat meat at the feast.", "Can you heal the eagle and set him free?", "Tim cleaned and bleached his jeans."]', '[{"url": "https://wordwall.net/embed/c50d7587c87942b2ad8089abd0b8b63b?themeId=27&templateId=70", "gameTypeId": "random"}, {"url": "https://wordwall.net/embed/d1ff6a9a1a8e409a87dd536617896f03?themeId=1&templateId=7", "gameTypeId": "mastery"}, {"url": "https://wordwall.net/embed/c8ea1e57aed64a63b8c2192d2bb974b9?themeId=27&templateId=36", "gameTypeId": "sentences"}]', '{"vowel": "a", "prefixList": "b,c,f,g,h,j,l,m,n,p,r,s,t,v,w,y,z", "suffixList": "g,p,t"}', NULL, 11),
	('G12L12', 'ee_y_ey_ie', '<sound>ee</sound> (y, ey, ie)', 'G12', NULL, 'baby,study,rusty,lady,candy,skinny,lucky,study,hungry,party,ugly,easy,windy,creepy,key,monkey,chimney,hockey,honey,valley,donkey,money,jockey,cookie,baggie,genie', '', 'monk/monkey,cook/cookie,jock/jockey,bag/baggie,rust/rusty,skin/skinny,luck/lucky,creep/creepy', '', 'Y', '["/ee/ (y, ey, ie)", "ee (y, ey, ie)"]', '["Mommy washed the sticky cookie off of the fussy baby.", "My bunny, Rosy, is funny and lazy.", "His baggy jeans are really messy.", "Kelly has a pretty Lilly in her hand.", "Bobby and his monkey went to the party at the pet shop.", "My study of creepy, crawly insects was fun and easy."]', '[{"url": "https://wordwall.net/embed/9cae5db4f4264119a07073352c3c303d?themeId=27&templateId=70", "gameTypeId": "random"}, {"url": "https://wordwall.net/embed/36d54bfab59749a588df6c4afc79f298?themeId=27&templateId=2", "gameTypeId": "sort"}, {"url": "https://wordwall.net/embed/9e67c00ec57247f7b58f0d904fd51474?themeId=1&templateId=7", "gameTypeId": "mastery"}, {"url": "https://wordwall.net/embed/dba442f8e48e494091b020ffe01bd83c?themeId=1&templateId=36", "gameTypeId": "sentences"}]', '{"vowel": "a", "prefixList": "b,c,f,g,h,j,l,m,n,p,r,s,t,v,w,y,z", "suffixList": "g,p,t"}', NULL, 12),
	('G12L13', 'ee_ie_ei', '<sound>ee</sound> (ie, ei)', 'G12', NULL, 'believe,belief,chief,frieze,piece,shield,brie,field,grief,siege,brief,fiend,niece,thief,ceiling,protein,receipt,receive,either,seize,relief', '', 'believe/receive,chief/brief,field/shield,receipt/receive,piece/niece,belief/relief,seize/freize', '', 'Y', '["/ee/ (ie, ei)", "ee (ie, ei)"]', '["Do you want a piece of bread and brie?", "The chief briefly saw the thief in the field through his windshield.", "I believe the siege of the valley will end soon.", "The fiend seized the shield from the king.", "I believe that neither of them received a receipt for the ceiling fan."]', '[{"url": "https://wordwall.net/embed/6d64ad2f78134f64992f79a6cbe85c64?themeId=49&templateId=45", "gameTypeId": "whack-a-mole"}, {"url": "https://wordwall.net/embed/1a054afa110b413ea8d452746ec614e8?themeId=27&templateId=2", "gameTypeId": "sort"}, {"url": "https://wordwall.net/embed/70387c464f3d43558004f7f1ddb76685?themeId=27&templateId=70", "gameTypeId": "random"}, {"url": "https://wordwall.net/embed/a6540df9095441f0a59bb50203c42516?themeId=1&templateId=7", "gameTypeId": "mastery"}, {"url": "https://wordwall.net/embed/472bfdb0381d4689801ce626cc39c29f?themeId=1&templateId=36", "gameTypeId": "sentences"}]', '{"vowel": "a", "prefixList": "b,c,f,g,h,j,l,m,n,p,r,s,t,v,w,y,z", "suffixList": "g,p,t"}', NULL, 13),
	('G12L14', 'igh', '<sound>igh</sound>', 'G12', NULL, 'bribe,life,stripe,shine,write,hide,kite,crime,quite,high,sigh,bright,fight,flight,might,delight,night,tight,right,by,my,cry,dry,fly,spy,why,deny,reply,July,apply,cycle,rhyme,python,die,lie,pie,fries,replies,spies', '', 'pie/die,might/night,flight/plight,cry/dry,deny/reply,fries/cries,high/sigh,fight/sight', '', 'Y', '["/igh/", "igh"]', '["A bright light was shining in the sky at night.", "The guy was delighted to win the bullfight.", "I keep a flashlight inside my car.", "Will you screw the lid on tight right now?"]', '[{"url": "https://wordwall.net/embed/a6930dddbc494324808efbb1bdce0790?themeId=49&templateId=45", "gameTypeId": "whack-a-mole"}, {"url": "https://wordwall.net/embed/70f4261882fe4eed90a509ea24423f27?themeId=27&templateId=70", "gameTypeId": "random"}, {"url": "https://wordwall.net/embed/07cba6bf564d4f80983426844c6b7674?themeId=27&templateId=7", "gameTypeId": "mastery"}, {"url": "https://wordwall.net/embed/456859aa56494305aa0d29d1ee8e2c6c?themeId=1&templateId=36", "gameTypeId": "sentences"}]', '{"vowel": "a", "prefixList": "b,c,f,g,h,j,l,m,n,p,r,s,t,v,w,y,z", "suffixList": "g,p,t"}', NULL, 14),
	('TEST', 'test', 'Test', 'G12', NULL, 'test,test,test', NULL, 'test/taste,bad/bed', '', 'N', '["test"]', '["This is a test", "This is atest"]', NULL, '{"vowel": "e", "prefixList": "t", "suffixList": "st"}', NULL, 1);

	
INSERT INTO `abc_tabtypes` (`tabTypeId`, `tabDisplayAs`, `alias`, `script`, `iconUrl`) VALUES
	('book', 'Storytime', '', '', '/images/tabs/book.png'),
	('fluency', 'Reading', 'reading', 'You will read this 3 times. I will use the timer, but focus on reading the words smoothly and correctly.', '/images/tabs/fluency.png'),
	('intro', 'Stretch', 'stretch', 'Today we are learning words that end with /at/. Let\'s read the words together.', '/images/tabs/intro.png'),
	('mastery', 'Mastery', '', 'I will point to a word. If you read it correctly, I will check the box. If not, it is ok. We will practice it at the end.', '/images/tabs/mastery.png'),
	('practice', 'Practice', '', 'Read each word out loud. We will use the timer and play the games in the sidebar for additional practice.', '/images/tabs/practice.png'),
	('spell', 'Chain', 'spinner', 'Click the letters to spell <say a word>. Now change the first letter to <pick a letter>. What word did you spell?', '/images/tabs/spell.png'),
	('test', 'Test', '', 'Let\'s see how well you have learned the words in this lesson. (Mastery Goal: all words correct in 10 - 15 seconds.)', '/images/tabs/test.png'),
	('warmup', 'Warmup', '', 'I am going to ask you some questions. During this exercise, you will watch me and listen.', '/images/tabs/warmup.png'),
	('write', 'Write', 'words', 'I will choose 4 words from the lesson. For each word, you will tap the sounds and then write the word.', '/images/tabs/write.png');
	
-- needs tabtypes	
INSERT INTO `abc_gametypes` (`gameTypeId`, `gameDisplayAs`, `thumbNailUrl`, `cssClass`, `belongsOnTab`, `isUniversal`, `universalGameUrl`, `active`) VALUES
	('alien', 'Alien', '/images/sidebar/alien.jpg', 'games', 'practice', 'N', '', 'Y'),
	('dice', 'Phonological Awareness', '/images/sidebar/dice.jpg', 'games', 'warmup', 'Y', '/dice/rolldice-orig.php', 'Y'),
	('mastery', 'Mastery Flip', '/images/sidebar/mastery.jpg', 'games', 'mastery', 'N', '', 'Y'),
	('random', 'Word Cards', '/images/sidebar/random.jpg', 'games', 'intro', 'N', '', 'Y'),
	('scramble', 'Word Scramble', '/images/sidebar/scramble.jpg', 'games', 'spell', 'N', '', 'Y'),
	('sentences', 'Missing Word', '/images/sidebar/sentences.jpg', 'games', 'fluency', 'N', '', 'Y'),
	('sort', 'Rhyme Sort', '/images/sidebar/sort.jpg', 'games', 'practice', 'N', '', 'Y'),
	('sound-box', 'Sound Boxes', '/images/sidebar/sound-box.jpg', 'sound-box', 'write', 'Y', '/sound-box.php', 'Y'),
	('test', 'Test', '/images/sidebar/dice.jpg', 'games', 'test', 'N', '', 'N'),
	('tic-tac-toe', 'Tic-Tac-Toe', '/images/sidebar/tic-tac-toe.jpg', 'tic-tac-toe', 'practice', 'Y', '/tictactoe/tictac.php', 'Y'),
	('whack-a-mole', 'Whack-A-Mole', '/images/sidebar/whack-a-mole.jpg', 'games', 'practice', 'N', '', 'Y'),
	('word-builder', 'Word Builder', '/images/sidebar/word-builder.jpg', 'games', 'intro', 'N', '', 'Y');


INSERT INTO `abc_keychain` (`keychainCode`, `fileName`, `friendlyName`, `groupCode`) VALUES
	('k01', '1.png', 'Elephant Keychain', 'G01'),
	('k02', '2.png', 'Giraffe Keychain', 'G02'),
	('k03', '3.png', 'Monkey Keychain', 'G03'),
	('k04', '4.png', 'Tiger Keychain', 'G04'),
	('k05', '5.png', 'Lion Keychain', 'G05'),
	('k06', '6.png', 'Zebra Keychain', 'G06'),
	('k07', '7.png', 'Owl Keychain', 'G07'),
	('k08', '8.png', 'Fox Keychain', 'G08'),
	('k09', '9.png', 'Chipmunk Keychain', 'G09'),
	('k10', '10.png', 'Racoon Keychain', 'G10'),
	('k11', '11.png', 'Fawn Keychain', 'G11'),
	('k12', '12.png', 'Hedgehog Keychain', 'G12');


INSERT INTO `abc_zoo_animals` (`animalCode`, `fileName`, `grayFileName`, `friendlyName`, `associatedLesson`) VALUES
	('anteater', 'anteater.jpg', 'anteater_gray.jpg', 'Anteater', NULL),
	('arcticfox', 'arcticfox.jpg', 'arcticfox_gray.jpg', 'Arctic Fox', NULL),
	('bear', 'bear.jpg', 'bear_gray.jpg', 'Bear', NULL),
	('beaver', 'beaver.jpg', 'beaver_gray.jpg', 'Beaver', NULL),
	('bee', 'bee.jpg', 'bee_gray.jpg', 'Bee', NULL),
	('beetle', 'beetle.jpg', 'beetle_gray.jpg', 'Beetle', NULL),
	('bison', 'bison.jpg', 'bison_gray.jpg', 'Bison', NULL),
	('butterfly', 'butterfly.jpg', 'butterfly_gray.jpg', 'Butterfly', NULL),
	('camel', 'camel.jpg', 'camel_gray.jpg', 'Camel', NULL),
	('cat', 'cat.jpg', 'cat_gray.jpg', 'Cat', NULL),
	('cheetah', 'cheetah.jpg', 'cheetah_gray.jpg', 'Cheetah', NULL),
	('chicken', 'chicken.jpg', 'chicken_gray.jpg', 'Chicken', NULL),
	('chimpanzee', 'chimpanzee.jpg', 'chimpanzee_gray.jpg', 'Chimpanzee', NULL),
	('cougar', 'cougar.jpg', 'cougar_gray.jpg', 'Cougar', NULL),
	('cow', 'cow.jpg', 'cow_gray.jpg', 'Cow', NULL),
	('crab', 'crab.jpg', 'crab_gray.jpg', 'Crab', NULL),
	('crocodile', 'crocodile.jpg', 'crocodile_gray.jpg', 'Crocodile', NULL),
	('deer', 'deer.jpg', 'deer_gray.jpg', 'Deer', NULL),
	('dog', 'dog.jpg', 'dog_gray.jpg', 'Dog', NULL),
	('dolphin', 'dolphin.jpg', 'dolphin_gray.jpg', 'Dolphin', NULL),
	('duck', 'duck.jpg', 'duck_gray.jpg', 'Duck', NULL),
	('eagle', 'eagle.jpg', 'eagle_gray.jpg', 'Eagle', NULL),
	('elephant', 'elephant.jpg', 'elephant_gray.jpg', 'Elephant', NULL),
	('emu', 'emu.jpg', 'emu_gray.jpg', 'Emu', NULL),
	('flamingo', 'flamingo.jpg', 'flamingo_gray.jpg', 'Flamingo', NULL),
	('fox', 'fox.jpg', 'fox_gray.jpg', 'Fox', NULL),
	('frog', 'frog.jpg', 'frog_gray.jpg', 'Frog', NULL),
	('giraffe', 'giraffe.jpg', 'giraffe_gray.jpg', 'Giraffe', NULL),
	('goat', 'goat.jpg', 'goat_gray.jpg', 'Goat', NULL),
	('gorilla', 'gorilla.jpg', 'gorilla_gray.jpg', 'Gorilla', NULL),
	('guineapig', 'guineapig.jpg', 'guineapig_gray.jpg', 'Guinea Pig', NULL),
	('hamster', 'hamster.jpg', 'hamster_gray.jpg', 'Hamster', NULL),
	('hedgehog', 'hedgehog.jpg', 'hedgehog_gray.jpg', 'Hedgehog', NULL),
	('hippo', 'hippo.jpg', 'hippo_gray.jpg', 'Hippo', NULL),
	('horse', 'horse.jpg', 'horse_gray.jpg', 'Horse', NULL),
	('hummingbird', 'hummingbird.jpg', 'hummingbird_gray.jpg', 'Hummingbird', NULL),
	('jaguar', 'jaguar.jpg', 'jaguar_gray.jpg', 'Jaguar', NULL),
	('jellyfish', 'jellyfish.jpg', 'jellyfish_gray.jpg', 'Jellyfish', NULL),
	('kangaroo', 'kangaroo.jpg', 'kangaroo_gray.jpg', 'Kangaroo', NULL),
	('kiwi', 'kiwi.jpg', 'kiwi_gray.jpg', 'Kiwi', NULL),
	('koala', 'koala.jpg', 'koala_gray.jpg', 'Koala', NULL),
	('ladybug', 'ladybug.jpg', 'ladybug_gray.jpg', 'Ladybug', NULL),
	('lemur', 'lemur.jpg', 'lemur_gray.jpg', 'Lemur', NULL),
	('leopard', 'leopard.jpg', 'leopard_gray.jpg', 'Leopard', NULL),
	('lion', 'lion.jpg', 'lion_gray.jpg', 'Lion', NULL),
	('llama', 'llama.jpg', 'llama_gray.jpg', 'Llama', NULL),
	('lobster', 'lobster.jpg', 'lobster_gray.jpg', 'Lobster', NULL),
	('mantis', 'mantis.jpg', 'mantis_gray.jpg', 'Mantis', NULL),
	('monkey', 'monkey.jpg', 'monkey_gray.jpg', 'Monkey', NULL),
	('mouse', 'mouse.jpg', 'mouse_gray.jpg', 'Mouse', NULL),
	('octopus', 'octopus.jpg', 'octopus_gray.jpg', 'Octopus', NULL),
	('orca', 'orca.jpg', 'orca_gray.jpg', 'Orca', NULL),
	('ostrich', 'ostrich.jpg', 'ostrich_gray.jpg', 'Ostrich', NULL),
	('otter', 'otter.jpg', 'otter_gray.jpg', 'Otter', NULL),
	('owl', 'owl.jpg', 'owl_gray.jpg', 'Owl', NULL),
	('panda', 'panda.jpg', 'panda_gray.jpg', 'Panda', NULL),
	('panther', 'panther.jpg', 'panther_gray.jpg', 'Panther', NULL),
	('parrot', 'parrot.jpg', 'parrot_gray.jpg', 'Parrot', NULL),
	('peacock', 'peacock.jpg', 'peacock_gray.jpg', 'Peacock', NULL),
	('penguin', 'penguin.jpg', 'penguin_gray.jpg', 'Penguin', NULL),
	('pig', 'pig.jpg', 'pig_gray.jpg', 'Pig', NULL),
	('pigeon', 'pigeon.jpg', 'pigeon_gray.jpg', 'Pigeon', NULL),
	('platypus', 'platypus.jpg', 'platypus_gray.jpg', 'Platypus', NULL),
	('polarbear', 'polarbear.jpg', 'polarbear_gray.jpg', 'Polar Bear', NULL),
	('porcupine', 'porcupine.jpg', 'porcupine_gray.jpg', 'Porcupine', NULL),
	('pufferfish', 'pufferfish.jpg', 'pufferfish_gray.jpg', 'Puffer Fish', NULL),
	('rabbit', 'rabbit.jpg', 'rabbit_gray.jpg', 'Rabbit', NULL),
	('raccoon', 'raccoon.jpg', 'raccoon_gray.jpg', 'Raccoon', NULL),
	('rat', 'rat.jpg', 'rat_gray.jpg', 'Rat', NULL),
	('redpanda', 'redpanda.jpg', 'redpanda_gray.jpg', 'Red Panda', NULL),
	('reindeer', 'reindeer.jpg', 'reindeer_gray.jpg', 'Reindeer', NULL),
	('rhino', 'rhino.jpg', 'rhino_gray.jpg', 'Rhino', NULL),
	('salmon', 'salmon.jpg', 'salmon_gray.jpg', 'Salmon', NULL),
	('scorpion', 'scorpion.jpg', 'scorpion_gray.jpg', 'Scorpion', NULL),
	('seahorse', 'seahorse.jpg', 'seahorse_gray.jpg', 'Seahorse', NULL),
	('seal', 'seal.jpg', 'seal_gray.jpg', 'Seal', NULL),
	('shark', 'shark.jpg', 'shark_gray.jpg', 'Shark', NULL),
	('sheep', 'sheep.jpg', 'sheep_gray.jpg', 'Sheep', NULL),
	('shrimp', 'shrimp.jpg', 'shrimp_gray.jpg', 'Shrimp', NULL),
	('skunk', 'skunk.jpg', 'skunk_gray.jpg', 'Skunk', NULL),
	('sloth', 'sloth.jpg', 'sloth_gray.jpg', 'Sloth', NULL),
	('snail', 'snail.jpg', 'snail_gray.jpg', 'Snail', NULL),
	('snake', 'snake.jpg', 'snake_gray.jpg', 'Snake', NULL),
	('spider', 'spider.jpg', 'spider_gray.jpg', 'Spider', NULL),
	('squirrel', 'squirrel.jpg', 'squirrel_gray.jpg', 'Squirrel', NULL),
	('starfish', 'starfish.jpg', 'starfish_gray.jpg', 'Starfish', NULL),
	('stingray', 'stingray.jpg', 'stingray_gray.jpg', 'Stingray', NULL),
	('sugarglider', 'sugarglider.jpg', 'sugarglider_gray.jpg', 'Sugar Glider', NULL),
	('swan', 'swan.jpg', 'swan_gray.jpg', 'Swan', NULL),
	('tiger', 'tiger.jpg', 'tiger_gray.jpg', 'Tiger', NULL),
	('toad', 'toad.jpg', 'toad_gray.jpg', 'Toad', NULL),
	('tortoise', 'tortoise.jpg', 'tortoise_gray.jpg', 'Tortoise', NULL),
	('toucan', 'toucan.jpg', 'toucan_gray.jpg', 'Toucan', NULL),
	('turkey', 'turkey.jpg', 'turkey_gray.jpg', 'Turkey', NULL),
	('turtle', 'turtle.jpg', 'turtle_gray.jpg', 'Turtle', NULL),
	('walrus', 'walrus.jpg', 'walrus_gray.jpg', 'Walrus', NULL),
	('whale', 'whale.jpg', 'whale_gray.jpg', 'Whale', NULL),
	('wolf', 'wolf.jpg', 'wolf_gray.jpg', 'Wolf', NULL),
	('yak', 'yak.jpg', 'yak_gray.jpg', 'Yak', NULL),
	('zebra', 'zebra.jpg', 'zebra_gray.jpg', 'Zebra', NULL);

SET FOREIGN_KEY_CHECKS = 1;

